FCUserRun1_1,Logged In Successfully,686
FCUserRun1_1,Logged In Successfully,585
FCUserRun1_1,Logged In Successfully,847
FCUserRun1_2,Logged In Successfully,712
FCUserRun1_3,Logged In Successfully,691
FCUserRun1_4,Logged In Successfully,712
FCUserRun1_5,Logged In Successfully,699
FCUserRun1_6,Logged In Successfully,707
FCUserRun1_7,Logged In Successfully,688
FCUserRun1_8,Logged In Successfully,692
FCUserRun1_9,Logged In Successfully,712
FCUserRun1_10,Logged In Successfully,698
FCUserRun1_1,Logged In Successfully,847
FCUserRun1_2,Logged In Successfully,712
FCUserRun1_3,Logged In Successfully,691
FCUserRun1_4,Logged In Successfully,712
FCUserRun1_6,Logged In Successfully,707
FCUserRun1_5,Logged In Successfully,699
FCUserRun1_7,Logged In Successfully,688
FCUserRun1_8,Logged In Successfully,692
FCUserRun1_9,Logged In Successfully,712
FCUserRun1_10,Logged In Successfully,698
FCUserRun1_1,Logged In Successfully,847
FCUserRun1_2,Logged In Successfully,712
FCUserRun1_3,Logged In Successfully,691
FCUserRun1_4,Logged In Successfully,712
FCUserRun1_5,Logged In Successfully,699
FCUserRun1_6,Logged In Successfully,707
FCUserRun1_7,Logged In Successfully,688
FCUserRun1_8,Logged In Successfully,692
FCUserRun1_9,Logged In Successfully,712
FCUserRun1_10,Logged In Successfully,698
FCUserRun1_1,Logged In Successfully,847
FCUserRun1_2,Logged In Successfully,712
FCUserRun1_3,Logged In Successfully,691
FCUserRun1_4,Logged In Successfully,712
FCUserRun1_5,Logged In Successfully,699
FCUserRun1_6,Logged In Successfully,707
FCUserRun1_7,Logged In Successfully,688
FCUserRun1_8,Logged In Successfully,692
FCUserRun1_9,Logged In Successfully,712
FCUserRun1_10,Logged In Successfully,698
FCUserRun1_1,Logged In Successfully,845
FCUserRun1_2,Logged In Successfully,710
FCUserRun1_3,Logged In Successfully,689
FCUserRun1_4,Logged In Successfully,711
FCUserRun1_5,Logged In Successfully,698
FCUserRun1_6,Logged In Successfully,706
FCUserRun1_7,Logged In Successfully,687
FCUserRun1_8,Logged In Successfully,691
FCUserRun1_1,Logged In Successfully,844
FCUserRun1_3,Logged In Successfully,688
FCUserRun1_2,Logged In Successfully,709
FCUserRun1_5,Logged In Successfully,698
FCUserRun1_4,Logged In Successfully,710
FCUserRun1_7,Logged In Successfully,687
FCUserRun1_6,Logged In Successfully,706
FCUserRun1_9,Logged In Successfully,711
FCUserRun1_8,Logged In Successfully,691
FCUserRun1_10,Logged In Successfully,697
FCUserRun1_11,Logged In Successfully,750
FCUserRun1_13,Logged In Successfully,699
FCUserRun1_12,Logged In Successfully,685
FCUserRun1_15,Logged In Successfully,709
FCUserRun1_14,Logged In Successfully,696
FCUserRun1_16,Logged In Successfully,716
FCUserRun1_17,Logged In Successfully,707
FCUserRun1_18,Logged In Successfully,706
FCUserRun1_19,Logged In Successfully,691
FCUserRun1_20,Logged In Successfully,695
FCUserRun1_1,Logged In Successfully,843
FCUserRun1_3,Logged In Successfully,687
FCUserRun1_2,Logged In Successfully,709
FCUserRun1_5,Logged In Successfully,697
FCUserRun1_4,Logged In Successfully,710
FCUserRun1_7,Logged In Successfully,686
FCUserRun1_6,Logged In Successfully,706
FCUserRun1_8,Logged In Successfully,691
FCUserRun1_9,Logged In Successfully,710
FCUserRun1_10,Logged In Successfully,697
FCUserRun1_11,Logged In Successfully,748
FCUserRun1_12,Logged In Successfully,685
FCUserRun1_13,Logged In Successfully,697
FCUserRun1_15,Logged In Successfully,708
FCUserRun1_14,Logged In Successfully,696
FCUserRun1_16,Logged In Successfully,716
FCUserRun1_17,Logged In Successfully,707
FCUserRun1_18,Logged In Successfully,706
FCUserRun1_19,Logged In Successfully,691
FCUserRun1_20,Logged In Successfully,695
FCUserRun1_2,Logged In Successfully,682
FCUserRun1_4,Logged In Successfully,684
FCUserRun1_6,Logged In Successfully,679
FCUserRun1_8,Logged In Successfully,664
FCUserRun1_10,Logged In Successfully,670
FCUserRun1_12,Logged In Successfully,658
FCUserRun1_14,Logged In Successfully,669
FCUserRun1_16,Logged In Successfully,689
FCUserRun1_18,Logged In Successfully,679
FCUserRun1_20,Logged In Successfully,668
