FCUserRun1_1,Test@12345
FCUserRun1_2,Test@12345
FCUserRun1_3,Test@12345
FCUserRun1_4,Test@12345
FCUserRun1_5,Test@12345
FCUserRun1_6,Test@12345
FCUserRun1_7,Test@12345
FCUserRun1_8,Test@12345
FCUserRun1_9,Test@12345
FCUserRun1_10,Test@12345
FCUserRun1_11,Test@12345
FCUserRun1_12,Test@12345
FCUserRun1_13,Test@12345
FCUserRun1_14,Test@12345
FCUserRun1_15,Test@12345
FCUserRun1_16,Test@12345
FCUserRun1_17,Test@12345
FCUserRun1_18,Test@12345
FCUserRun1_19,Test@12345
FCUserRun1_20,Test@12345
FCUserRun1_21,Test@12345
FCUserRun1_22,Test@12345
FCUserRun1_23,Test@12345
FCUserRun1_24,Test@12345
FCUserRun1_25,Test@12345
FCUserRun1_26,Test@12345
FCUserRun1_27,Test@12345
FCUserRun1_28,Test@12345
FCUserRun1_29,Test@12345
FCUserRun1_30,Test@12345
FCUserRun1_31,Test@12345
FCUserRun1_32,Test@12345
FCUserRun1_33,Test@12345
FCUserRun1_34,Test@12345
FCUserRun1_35,Test@12345
FCUserRun1_36,Test@12345
FCUserRun1_37,Test@12345
FCUserRun1_38,Test@12345
FCUserRun1_39,Test@12345
FCUserRun1_40,Test@12345
FCUserRun1_41,Test@12345
FCUserRun1_42,Test@12345
FCUserRun1_43,Test@12345
FCUserRun1_44,Test@12345
FCUserRun1_45,Test@12345
FCUserRun1_46,Test@12345
FCUserRun1_47,Test@12345
FCUserRun1_48,Test@12345
FCUserRun1_49,Test@12345
FCUserRun1_50,Test@12345
FCUserRun1_51,Test@12345
FCUserRun1_52,Test@12345
FCUserRun1_53,Test@12345
FCUserRun1_54,Test@12345
FCUserRun1_55,Test@12345
FCUserRun1_56,Test@12345
FCUserRun1_57,Test@12345
FCUserRun1_58,Test@12345
FCUserRun1_59,Test@12345
FCUserRun1_60,Test@12345
FCUserRun1_61,Test@12345
FCUserRun1_62,Test@12345
FCUserRun1_63,Test@12345
FCUserRun1_64,Test@12345
FCUserRun1_65,Test@12345
FCUserRun1_66,Test@12345
FCUserRun1_67,Test@12345
FCUserRun1_68,Test@12345
FCUserRun1_69,Test@12345
FCUserRun1_70,Test@12345
FCUserRun1_71,Test@12345
FCUserRun1_72,Test@12345
FCUserRun1_73,Test@12345
FCUserRun1_74,Test@12345
FCUserRun1_75,Test@12345
FCUserRun1_76,Test@12345
FCUserRun1_77,Test@12345
FCUserRun1_78,Test@12345
FCUserRun1_79,Test@12345
FCUserRun1_80,Test@12345
FCUserRun1_81,Test@12345
FCUserRun1_82,Test@12345
FCUserRun1_83,Test@12345
FCUserRun1_84,Test@12345
FCUserRun1_85,Test@12345
FCUserRun1_86,Test@12345
FCUserRun1_87,Test@12345
FCUserRun1_88,Test@12345
FCUserRun1_89,Test@12345
FCUserRun1_90,Test@12345
FCUserRun1_91,Test@12345
FCUserRun1_92,Test@12345
FCUserRun1_93,Test@12345
FCUserRun1_94,Test@12345
FCUserRun1_95,Test@12345
FCUserRun1_96,Test@12345
FCUserRun1_97,Test@12345
FCUserRun1_98,Test@12345
FCUserRun1_99,Test@12345
FCUserRun1_100,Test@12345
FCUserRun1_101,Test@12345
FCUserRun1_102,Test@12345
FCUserRun1_103,Test@12345
FCUserRun1_104,Test@12345
FCUserRun1_105,Test@12345
FCUserRun1_106,Test@12345
FCUserRun1_107,Test@12345
FCUserRun1_108,Test@12345
FCUserRun1_109,Test@12345
FCUserRun1_110,Test@12345
FCUserRun1_111,Test@12345
FCUserRun1_112,Test@12345
FCUserRun1_113,Test@12345
FCUserRun1_114,Test@12345
FCUserRun1_115,Test@12345
FCUserRun1_116,Test@12345
FCUserRun1_117,Test@12345
FCUserRun1_118,Test@12345
FCUserRun1_119,Test@12345
FCUserRun1_120,Test@12345
FCUserRun1_121,Test@12345
FCUserRun1_122,Test@12345
FCUserRun1_123,Test@12345
FCUserRun1_124,Test@12345
FCUserRun1_125,Test@12345
FCUserRun1_126,Test@12345
FCUserRun1_127,Test@12345
FCUserRun1_128,Test@12345
FCUserRun1_129,Test@12345
FCUserRun1_130,Test@12345
FCUserRun1_131,Test@12345
FCUserRun1_132,Test@12345
FCUserRun1_133,Test@12345
FCUserRun1_134,Test@12345
FCUserRun1_135,Test@12345
FCUserRun1_136,Test@12345
FCUserRun1_137,Test@12345
FCUserRun1_138,Test@12345
FCUserRun1_139,Test@12345
FCUserRun1_140,Test@12345
FCUserRun1_141,Test@12345
FCUserRun1_142,Test@12345
FCUserRun1_143,Test@12345
FCUserRun1_144,Test@12345
FCUserRun1_145,Test@12345
FCUserRun1_146,Test@12345
FCUserRun1_147,Test@12345
FCUserRun1_148,Test@12345
FCUserRun1_149,Test@12345
FCUserRun1_150,Test@12345
FCUserRun1_151,Test@12345
FCUserRun1_152,Test@12345
FCUserRun1_153,Test@12345
FCUserRun1_154,Test@12345
FCUserRun1_155,Test@12345
FCUserRun1_156,Test@12345
FCUserRun1_157,Test@12345
FCUserRun1_158,Test@12345
FCUserRun1_159,Test@12345
FCUserRun1_160,Test@12345
FCUserRun1_161,Test@12345
FCUserRun1_162,Test@12345
FCUserRun1_163,Test@12345
FCUserRun1_164,Test@12345
FCUserRun1_165,Test@12345
FCUserRun1_166,Test@12345
FCUserRun1_167,Test@12345
FCUserRun1_168,Test@12345
FCUserRun1_169,Test@12345
FCUserRun1_170,Test@12345
FCUserRun1_171,Test@12345
FCUserRun1_172,Test@12345
FCUserRun1_173,Test@12345
FCUserRun1_174,Test@12345
FCUserRun1_175,Test@12345
FCUserRun1_176,Test@12345
FCUserRun1_177,Test@12345
FCUserRun1_178,Test@12345
FCUserRun1_179,Test@12345
FCUserRun1_180,Test@12345
FCUserRun1_181,Test@12345
FCUserRun1_182,Test@12345
FCUserRun1_183,Test@12345
FCUserRun1_184,Test@12345
FCUserRun1_185,Test@12345
FCUserRun1_186,Test@12345
FCUserRun1_187,Test@12345
FCUserRun1_188,Test@12345
FCUserRun1_189,Test@12345
FCUserRun1_190,Test@12345
FCUserRun1_191,Test@12345
FCUserRun1_192,Test@12345
FCUserRun1_193,Test@12345
FCUserRun1_194,Test@12345
FCUserRun1_195,Test@12345
FCUserRun1_196,Test@12345
FCUserRun1_197,Test@12345
FCUserRun1_198,Test@12345
FCUserRun1_199,Test@12345
FCUserRun1_200,Test@12345
FCUserRun1_201,Test@12345
FCUserRun1_202,Test@12345
FCUserRun1_203,Test@12345
FCUserRun1_204,Test@12345
FCUserRun1_205,Test@12345
FCUserRun1_206,Test@12345
FCUserRun1_207,Test@12345
FCUserRun1_208,Test@12345
FCUserRun1_209,Test@12345
FCUserRun1_210,Test@12345
FCUserRun1_211,Test@12345
FCUserRun1_212,Test@12345
FCUserRun1_213,Test@12345
FCUserRun1_214,Test@12345
FCUserRun1_215,Test@12345
FCUserRun1_216,Test@12345
FCUserRun1_217,Test@12345
FCUserRun1_218,Test@12345
FCUserRun1_219,Test@12345
FCUserRun1_220,Test@12345
FCUserRun1_221,Test@12345
FCUserRun1_222,Test@12345
FCUserRun1_223,Test@12345
FCUserRun1_224,Test@12345
FCUserRun1_225,Test@12345
FCUserRun1_226,Test@12345
FCUserRun1_227,Test@12345
FCUserRun1_228,Test@12345
FCUserRun1_229,Test@12345
FCUserRun1_230,Test@12345
FCUserRun1_231,Test@12345
FCUserRun1_232,Test@12345
FCUserRun1_233,Test@12345
FCUserRun1_234,Test@12345
FCUserRun1_235,Test@12345
FCUserRun1_236,Test@12345
FCUserRun1_237,Test@12345
FCUserRun1_238,Test@12345
FCUserRun1_239,Test@12345
FCUserRun1_240,Test@12345
FCUserRun1_241,Test@12345
FCUserRun1_242,Test@12345
FCUserRun1_243,Test@12345
FCUserRun1_244,Test@12345
FCUserRun1_245,Test@12345
FCUserRun1_246,Test@12345
FCUserRun1_247,Test@12345
FCUserRun1_248,Test@12345
FCUserRun1_249,Test@12345
FCUserRun1_250,Test@12345
FCUserRun1_251,Test@12345
FCUserRun1_252,Test@12345
FCUserRun1_253,Test@12345
FCUserRun1_254,Test@12345
FCUserRun1_255,Test@12345
FCUserRun1_256,Test@12345
FCUserRun1_257,Test@12345
FCUserRun1_258,Test@12345
FCUserRun1_259,Test@12345
FCUserRun1_260,Test@12345
FCUserRun1_261,Test@12345
FCUserRun1_262,Test@12345
FCUserRun1_263,Test@12345
FCUserRun1_264,Test@12345
FCUserRun1_265,Test@12345
FCUserRun1_266,Test@12345
FCUserRun1_267,Test@12345
FCUserRun1_268,Test@12345
FCUserRun1_269,Test@12345
FCUserRun1_270,Test@12345
FCUserRun1_271,Test@12345
FCUserRun1_272,Test@12345
FCUserRun1_273,Test@12345
FCUserRun1_274,Test@12345
FCUserRun1_275,Test@12345
FCUserRun1_276,Test@12345
FCUserRun1_277,Test@12345
FCUserRun1_278,Test@12345
FCUserRun1_279,Test@12345
FCUserRun1_280,Test@12345
FCUserRun1_281,Test@12345
FCUserRun1_282,Test@12345
FCUserRun1_283,Test@12345
FCUserRun1_284,Test@12345
FCUserRun1_285,Test@12345
FCUserRun1_286,Test@12345
FCUserRun1_287,Test@12345
FCUserRun1_288,Test@12345
FCUserRun1_289,Test@12345
FCUserRun1_290,Test@12345
FCUserRun1_291,Test@12345
FCUserRun1_292,Test@12345
FCUserRun1_293,Test@12345
FCUserRun1_294,Test@12345
FCUserRun1_295,Test@12345
FCUserRun1_296,Test@12345
FCUserRun1_297,Test@12345
FCUserRun1_298,Test@12345
FCUserRun1_299,Test@12345
FCUserRun1_300,Test@12345
FCUserRun1_301,Test@12345
FCUserRun1_302,Test@12345
FCUserRun1_303,Test@12345
FCUserRun1_304,Test@12345
FCUserRun1_305,Test@12345
FCUserRun1_306,Test@12345
FCUserRun1_307,Test@12345
FCUserRun1_308,Test@12345
FCUserRun1_309,Test@12345
FCUserRun1_310,Test@12345
FCUserRun1_311,Test@12345
FCUserRun1_312,Test@12345
FCUserRun1_313,Test@12345
FCUserRun1_314,Test@12345
FCUserRun1_315,Test@12345
FCUserRun1_316,Test@12345
FCUserRun1_317,Test@12345
FCUserRun1_318,Test@12345
FCUserRun1_319,Test@12345
FCUserRun1_320,Test@12345
FCUserRun1_321,Test@12345
FCUserRun1_322,Test@12345
FCUserRun1_323,Test@12345
FCUserRun1_324,Test@12345
FCUserRun1_325,Test@12345
FCUserRun1_326,Test@12345
FCUserRun1_327,Test@12345
FCUserRun1_328,Test@12345
FCUserRun1_329,Test@12345
FCUserRun1_330,Test@12345
FCUserRun1_331,Test@12345
FCUserRun1_332,Test@12345
FCUserRun1_333,Test@12345
FCUserRun1_334,Test@12345
FCUserRun1_335,Test@12345
FCUserRun1_336,Test@12345
FCUserRun1_337,Test@12345
FCUserRun1_338,Test@12345
FCUserRun1_339,Test@12345
FCUserRun1_340,Test@12345
FCUserRun1_341,Test@12345
FCUserRun1_342,Test@12345
FCUserRun1_343,Test@12345
FCUserRun1_344,Test@12345
FCUserRun1_345,Test@12345
FCUserRun1_346,Test@12345
FCUserRun1_347,Test@12345
FCUserRun1_348,Test@12345
FCUserRun1_349,Test@12345
FCUserRun1_350,Test@12345
FCUserRun1_351,Test@12345
FCUserRun1_352,Test@12345
FCUserRun1_353,Test@12345
FCUserRun1_354,Test@12345
FCUserRun1_355,Test@12345
FCUserRun1_356,Test@12345
FCUserRun1_357,Test@12345
FCUserRun1_358,Test@12345
FCUserRun1_359,Test@12345
FCUserRun1_360,Test@12345
FCUserRun1_361,Test@12345
FCUserRun1_362,Test@12345
FCUserRun1_363,Test@12345
FCUserRun1_364,Test@12345
FCUserRun1_365,Test@12345
FCUserRun1_366,Test@12345
FCUserRun1_367,Test@12345
FCUserRun1_368,Test@12345
FCUserRun1_369,Test@12345
FCUserRun1_370,Test@12345
FCUserRun1_371,Test@12345
FCUserRun1_372,Test@12345
FCUserRun1_373,Test@12345
FCUserRun1_374,Test@12345
FCUserRun1_375,Test@12345
FCUserRun1_376,Test@12345
FCUserRun1_377,Test@12345
FCUserRun1_378,Test@12345
FCUserRun1_379,Test@12345
FCUserRun1_380,Test@12345
FCUserRun1_381,Test@12345
FCUserRun1_382,Test@12345
FCUserRun1_383,Test@12345
FCUserRun1_384,Test@12345
FCUserRun1_385,Test@12345
FCUserRun1_386,Test@12345
FCUserRun1_387,Test@12345
FCUserRun1_388,Test@12345
FCUserRun1_389,Test@12345
FCUserRun1_390,Test@12345
FCUserRun1_391,Test@12345
FCUserRun1_392,Test@12345
FCUserRun1_393,Test@12345
FCUserRun1_394,Test@12345
FCUserRun1_395,Test@12345
FCUserRun1_396,Test@12345
FCUserRun1_397,Test@12345
FCUserRun1_398,Test@12345
FCUserRun1_399,Test@12345
FCUserRun1_400,Test@12345
FCUserRun1_401,Test@12345
FCUserRun1_402,Test@12345
FCUserRun1_403,Test@12345
FCUserRun1_404,Test@12345
FCUserRun1_405,Test@12345
FCUserRun1_406,Test@12345
FCUserRun1_407,Test@12345
FCUserRun1_408,Test@12345
FCUserRun1_409,Test@12345
FCUserRun1_410,Test@12345
FCUserRun1_411,Test@12345
FCUserRun1_412,Test@12345
FCUserRun1_413,Test@12345
FCUserRun1_414,Test@12345
FCUserRun1_415,Test@12345
FCUserRun1_416,Test@12345
FCUserRun1_417,Test@12345
FCUserRun1_418,Test@12345
FCUserRun1_419,Test@12345
FCUserRun1_420,Test@12345
FCUserRun1_421,Test@12345
FCUserRun1_422,Test@12345
FCUserRun1_423,Test@12345
FCUserRun1_424,Test@12345
FCUserRun1_425,Test@12345
FCUserRun1_426,Test@12345
FCUserRun1_427,Test@12345
FCUserRun1_428,Test@12345
FCUserRun1_429,Test@12345
FCUserRun1_430,Test@12345
FCUserRun1_431,Test@12345
FCUserRun1_432,Test@12345
FCUserRun1_433,Test@12345
FCUserRun1_434,Test@12345
FCUserRun1_435,Test@12345
FCUserRun1_436,Test@12345
FCUserRun1_437,Test@12345
FCUserRun1_438,Test@12345
FCUserRun1_439,Test@12345
FCUserRun1_440,Test@12345
FCUserRun1_441,Test@12345
FCUserRun1_442,Test@12345
FCUserRun1_443,Test@12345
FCUserRun1_444,Test@12345
FCUserRun1_445,Test@12345
FCUserRun1_446,Test@12345
FCUserRun1_447,Test@12345
FCUserRun1_448,Test@12345
FCUserRun1_449,Test@12345
FCUserRun1_450,Test@12345
FCUserRun1_451,Test@12345
FCUserRun1_452,Test@12345
FCUserRun1_453,Test@12345
FCUserRun1_454,Test@12345
FCUserRun1_455,Test@12345
FCUserRun1_456,Test@12345
FCUserRun1_457,Test@12345
FCUserRun1_458,Test@12345
FCUserRun1_459,Test@12345
FCUserRun1_460,Test@12345
FCUserRun1_461,Test@12345
FCUserRun1_462,Test@12345
FCUserRun1_463,Test@12345
FCUserRun1_464,Test@12345
FCUserRun1_465,Test@12345
FCUserRun1_466,Test@12345
FCUserRun1_467,Test@12345
FCUserRun1_468,Test@12345
FCUserRun1_469,Test@12345
FCUserRun1_470,Test@12345
FCUserRun1_471,Test@12345
FCUserRun1_472,Test@12345
FCUserRun1_473,Test@12345
FCUserRun1_474,Test@12345
FCUserRun1_475,Test@12345
FCUserRun1_476,Test@12345
FCUserRun1_477,Test@12345
FCUserRun1_478,Test@12345
FCUserRun1_479,Test@12345
FCUserRun1_480,Test@12345
FCUserRun1_481,Test@12345
FCUserRun1_482,Test@12345
FCUserRun1_483,Test@12345
FCUserRun1_484,Test@12345
FCUserRun1_485,Test@12345
FCUserRun1_486,Test@12345
FCUserRun1_487,Test@12345
FCUserRun1_488,Test@12345
FCUserRun1_489,Test@12345
FCUserRun1_490,Test@12345
FCUserRun1_491,Test@12345
FCUserRun1_492,Test@12345
FCUserRun1_493,Test@12345
FCUserRun1_494,Test@12345
FCUserRun1_495,Test@12345
FCUserRun1_496,Test@12345
FCUserRun1_497,Test@12345
FCUserRun1_498,Test@12345
FCUserRun1_499,Test@12345
FCUserRun1_500,Test@12345
FCUserRun1_501,Test@12345
FCUserRun1_502,Test@12345
FCUserRun1_503,Test@12345
FCUserRun1_504,Test@12345
FCUserRun1_505,Test@12345
FCUserRun1_506,Test@12345
FCUserRun1_507,Test@12345
FCUserRun1_508,Test@12345
FCUserRun1_509,Test@12345
FCUserRun1_510,Test@12345
FCUserRun1_511,Test@12345
FCUserRun1_512,Test@12345
FCUserRun1_513,Test@12345
FCUserRun1_514,Test@12345
FCUserRun1_515,Test@12345
FCUserRun1_516,Test@12345
FCUserRun1_517,Test@12345
FCUserRun1_518,Test@12345
FCUserRun1_519,Test@12345
FCUserRun1_520,Test@12345
FCUserRun1_521,Test@12345
FCUserRun1_522,Test@12345
FCUserRun1_523,Test@12345
FCUserRun1_524,Test@12345
FCUserRun1_525,Test@12345
FCUserRun1_526,Test@12345
FCUserRun1_527,Test@12345
FCUserRun1_528,Test@12345
FCUserRun1_529,Test@12345
FCUserRun1_530,Test@12345
FCUserRun1_531,Test@12345
FCUserRun1_532,Test@12345
FCUserRun1_533,Test@12345
FCUserRun1_534,Test@12345
FCUserRun1_535,Test@12345
FCUserRun1_536,Test@12345
FCUserRun1_537,Test@12345
FCUserRun1_538,Test@12345
FCUserRun1_539,Test@12345
FCUserRun1_540,Test@12345
FCUserRun1_541,Test@12345
FCUserRun1_542,Test@12345
FCUserRun1_543,Test@12345
FCUserRun1_544,Test@12345
FCUserRun1_545,Test@12345
FCUserRun1_546,Test@12345
FCUserRun1_547,Test@12345
FCUserRun1_548,Test@12345
FCUserRun1_549,Test@12345
FCUserRun1_550,Test@12345
FCUserRun1_551,Test@12345
FCUserRun1_552,Test@12345
FCUserRun1_553,Test@12345
FCUserRun1_554,Test@12345
FCUserRun1_555,Test@12345
FCUserRun1_556,Test@12345
FCUserRun1_557,Test@12345
FCUserRun1_558,Test@12345
FCUserRun1_559,Test@12345
FCUserRun1_560,Test@12345
FCUserRun1_561,Test@12345
FCUserRun1_562,Test@12345
FCUserRun1_563,Test@12345
FCUserRun1_564,Test@12345
FCUserRun1_565,Test@12345
FCUserRun1_566,Test@12345
FCUserRun1_567,Test@12345
FCUserRun1_568,Test@12345
FCUserRun1_569,Test@12345
FCUserRun1_570,Test@12345
FCUserRun1_571,Test@12345
FCUserRun1_572,Test@12345
FCUserRun1_573,Test@12345
FCUserRun1_574,Test@12345
FCUserRun1_575,Test@12345
FCUserRun1_576,Test@12345
FCUserRun1_577,Test@12345
FCUserRun1_578,Test@12345
FCUserRun1_579,Test@12345
FCUserRun1_580,Test@12345
FCUserRun1_581,Test@12345
FCUserRun1_582,Test@12345
FCUserRun1_583,Test@12345
FCUserRun1_584,Test@12345
FCUserRun1_585,Test@12345
FCUserRun1_586,Test@12345
FCUserRun1_587,Test@12345
FCUserRun1_588,Test@12345
FCUserRun1_589,Test@12345
FCUserRun1_590,Test@12345
FCUserRun1_591,Test@12345
FCUserRun1_592,Test@12345
FCUserRun1_593,Test@12345
FCUserRun1_594,Test@12345
FCUserRun1_595,Test@12345
FCUserRun1_596,Test@12345
FCUserRun1_597,Test@12345
FCUserRun1_598,Test@12345
FCUserRun1_599,Test@12345
FCUserRun1_600,Test@12345
FCUserRun1_601,Test@12345
FCUserRun1_602,Test@12345
FCUserRun1_603,Test@12345
FCUserRun1_604,Test@12345
FCUserRun1_605,Test@12345
FCUserRun1_606,Test@12345
FCUserRun1_607,Test@12345
FCUserRun1_608,Test@12345
FCUserRun1_609,Test@12345
FCUserRun1_610,Test@12345
FCUserRun1_611,Test@12345
FCUserRun1_612,Test@12345
FCUserRun1_613,Test@12345
FCUserRun1_614,Test@12345
FCUserRun1_615,Test@12345
FCUserRun1_616,Test@12345
FCUserRun1_617,Test@12345
FCUserRun1_618,Test@12345
FCUserRun1_619,Test@12345
FCUserRun1_620,Test@12345
FCUserRun1_621,Test@12345
FCUserRun1_622,Test@12345
FCUserRun1_623,Test@12345
FCUserRun1_624,Test@12345
FCUserRun1_625,Test@12345
FCUserRun1_626,Test@12345
FCUserRun1_627,Test@12345
FCUserRun1_628,Test@12345
FCUserRun1_629,Test@12345
FCUserRun1_630,Test@12345
FCUserRun1_631,Test@12345
FCUserRun1_632,Test@12345
FCUserRun1_633,Test@12345
FCUserRun1_634,Test@12345
FCUserRun1_635,Test@12345
FCUserRun1_636,Test@12345
FCUserRun1_637,Test@12345
FCUserRun1_638,Test@12345
FCUserRun1_639,Test@12345
FCUserRun1_640,Test@12345
FCUserRun1_641,Test@12345
FCUserRun1_642,Test@12345
FCUserRun1_643,Test@12345
FCUserRun1_644,Test@12345
FCUserRun1_645,Test@12345
FCUserRun1_646,Test@12345
FCUserRun1_647,Test@12345
FCUserRun1_648,Test@12345
FCUserRun1_649,Test@12345
FCUserRun1_650,Test@12345
FCUserRun1_651,Test@12345
FCUserRun1_652,Test@12345
FCUserRun1_653,Test@12345
FCUserRun1_654,Test@12345
FCUserRun1_655,Test@12345
FCUserRun1_656,Test@12345
FCUserRun1_657,Test@12345
FCUserRun1_658,Test@12345
FCUserRun1_659,Test@12345
FCUserRun1_660,Test@12345
FCUserRun1_661,Test@12345
FCUserRun1_662,Test@12345
FCUserRun1_663,Test@12345
FCUserRun1_664,Test@12345
FCUserRun1_665,Test@12345
FCUserRun1_666,Test@12345
FCUserRun1_667,Test@12345
FCUserRun1_668,Test@12345
FCUserRun1_669,Test@12345
FCUserRun1_670,Test@12345
FCUserRun1_671,Test@12345
FCUserRun1_672,Test@12345
FCUserRun1_673,Test@12345
FCUserRun1_674,Test@12345
FCUserRun1_675,Test@12345
FCUserRun1_676,Test@12345
FCUserRun1_677,Test@12345
FCUserRun1_678,Test@12345
FCUserRun1_679,Test@12345
FCUserRun1_680,Test@12345
FCUserRun1_681,Test@12345
FCUserRun1_682,Test@12345
FCUserRun1_683,Test@12345
FCUserRun1_684,Test@12345
FCUserRun1_685,Test@12345
FCUserRun1_686,Test@12345
FCUserRun1_687,Test@12345
FCUserRun1_688,Test@12345
FCUserRun1_689,Test@12345
FCUserRun1_690,Test@12345
FCUserRun1_691,Test@12345
FCUserRun1_692,Test@12345
FCUserRun1_693,Test@12345
FCUserRun1_694,Test@12345
FCUserRun1_695,Test@12345
FCUserRun1_696,Test@12345
FCUserRun1_697,Test@12345
FCUserRun1_698,Test@12345
FCUserRun1_699,Test@12345
FCUserRun1_700,Test@12345
FCUserRun1_701,Test@12345
FCUserRun1_702,Test@12345
FCUserRun1_703,Test@12345
FCUserRun1_704,Test@12345
FCUserRun1_705,Test@12345
FCUserRun1_706,Test@12345
FCUserRun1_707,Test@12345
FCUserRun1_708,Test@12345
FCUserRun1_709,Test@12345
FCUserRun1_710,Test@12345
FCUserRun1_711,Test@12345
FCUserRun1_712,Test@12345
FCUserRun1_713,Test@12345
FCUserRun1_714,Test@12345
FCUserRun1_715,Test@12345
FCUserRun1_716,Test@12345
FCUserRun1_717,Test@12345
FCUserRun1_718,Test@12345
FCUserRun1_719,Test@12345
FCUserRun1_720,Test@12345
FCUserRun1_721,Test@12345
FCUserRun1_722,Test@12345
FCUserRun1_723,Test@12345
FCUserRun1_724,Test@12345
FCUserRun1_725,Test@12345
FCUserRun1_726,Test@12345
FCUserRun1_727,Test@12345
FCUserRun1_728,Test@12345
FCUserRun1_729,Test@12345
FCUserRun1_730,Test@12345
FCUserRun1_731,Test@12345
FCUserRun1_732,Test@12345
FCUserRun1_733,Test@12345
FCUserRun1_734,Test@12345
FCUserRun1_735,Test@12345
FCUserRun1_736,Test@12345
FCUserRun1_737,Test@12345
FCUserRun1_738,Test@12345
FCUserRun1_739,Test@12345
FCUserRun1_740,Test@12345
FCUserRun1_741,Test@12345
FCUserRun1_742,Test@12345
FCUserRun1_743,Test@12345
FCUserRun1_744,Test@12345
FCUserRun1_745,Test@12345
FCUserRun1_746,Test@12345
FCUserRun1_747,Test@12345
FCUserRun1_748,Test@12345
FCUserRun1_749,Test@12345
FCUserRun1_750,Test@12345
FCUserRun1_751,Test@12345
FCUserRun1_752,Test@12345
FCUserRun1_753,Test@12345
FCUserRun1_754,Test@12345
FCUserRun1_755,Test@12345
FCUserRun1_756,Test@12345
FCUserRun1_757,Test@12345
FCUserRun1_758,Test@12345
FCUserRun1_759,Test@12345
FCUserRun1_760,Test@12345
FCUserRun1_761,Test@12345
FCUserRun1_762,Test@12345
FCUserRun1_763,Test@12345
FCUserRun1_764,Test@12345
FCUserRun1_765,Test@12345
FCUserRun1_766,Test@12345
FCUserRun1_767,Test@12345
FCUserRun1_768,Test@12345
FCUserRun1_769,Test@12345
FCUserRun1_770,Test@12345
FCUserRun1_771,Test@12345
FCUserRun1_772,Test@12345
FCUserRun1_773,Test@12345
FCUserRun1_774,Test@12345
FCUserRun1_775,Test@12345
FCUserRun1_776,Test@12345
FCUserRun1_777,Test@12345
FCUserRun1_778,Test@12345
FCUserRun1_779,Test@12345
FCUserRun1_780,Test@12345
FCUserRun1_781,Test@12345
FCUserRun1_782,Test@12345
FCUserRun1_783,Test@12345
FCUserRun1_784,Test@12345
FCUserRun1_785,Test@12345
FCUserRun1_786,Test@12345
FCUserRun1_787,Test@12345
FCUserRun1_788,Test@12345
FCUserRun1_789,Test@12345
FCUserRun1_790,Test@12345
FCUserRun1_791,Test@12345
FCUserRun1_792,Test@12345
FCUserRun1_793,Test@12345
FCUserRun1_794,Test@12345
FCUserRun1_795,Test@12345
FCUserRun1_796,Test@12345
FCUserRun1_797,Test@12345
FCUserRun1_798,Test@12345
FCUserRun1_799,Test@12345
FCUserRun1_800,Test@12345
FCUserRun1_801,Test@12345
FCUserRun1_802,Test@12345
FCUserRun1_803,Test@12345
FCUserRun1_804,Test@12345
FCUserRun1_805,Test@12345
FCUserRun1_806,Test@12345
FCUserRun1_807,Test@12345
FCUserRun1_808,Test@12345
FCUserRun1_809,Test@12345
FCUserRun1_810,Test@12345
FCUserRun1_811,Test@12345
FCUserRun1_812,Test@12345
FCUserRun1_813,Test@12345
FCUserRun1_814,Test@12345
FCUserRun1_815,Test@12345
FCUserRun1_816,Test@12345
FCUserRun1_817,Test@12345
FCUserRun1_818,Test@12345
FCUserRun1_819,Test@12345
FCUserRun1_820,Test@12345
FCUserRun1_821,Test@12345
FCUserRun1_822,Test@12345
FCUserRun1_823,Test@12345
FCUserRun1_824,Test@12345
FCUserRun1_825,Test@12345
FCUserRun1_826,Test@12345
FCUserRun1_827,Test@12345
FCUserRun1_828,Test@12345
FCUserRun1_829,Test@12345
FCUserRun1_830,Test@12345
FCUserRun1_831,Test@12345
FCUserRun1_832,Test@12345
FCUserRun1_833,Test@12345
FCUserRun1_834,Test@12345
FCUserRun1_835,Test@12345
FCUserRun1_836,Test@12345
FCUserRun1_837,Test@12345
FCUserRun1_838,Test@12345
FCUserRun1_839,Test@12345
FCUserRun1_840,Test@12345
FCUserRun1_841,Test@12345
FCUserRun1_842,Test@12345
FCUserRun1_843,Test@12345
FCUserRun1_844,Test@12345
FCUserRun1_845,Test@12345
FCUserRun1_846,Test@12345
FCUserRun1_847,Test@12345
FCUserRun1_848,Test@12345
FCUserRun1_849,Test@12345
FCUserRun1_850,Test@12345
FCUserRun1_851,Test@12345
FCUserRun1_852,Test@12345
FCUserRun1_853,Test@12345
FCUserRun1_854,Test@12345
FCUserRun1_855,Test@12345
FCUserRun1_856,Test@12345
FCUserRun1_857,Test@12345
FCUserRun1_858,Test@12345
FCUserRun1_859,Test@12345
FCUserRun1_860,Test@12345
FCUserRun1_861,Test@12345
FCUserRun1_862,Test@12345
FCUserRun1_863,Test@12345
FCUserRun1_864,Test@12345
FCUserRun1_865,Test@12345
FCUserRun1_866,Test@12345
FCUserRun1_867,Test@12345
FCUserRun1_868,Test@12345
FCUserRun1_869,Test@12345
FCUserRun1_870,Test@12345
FCUserRun1_871,Test@12345
FCUserRun1_872,Test@12345
FCUserRun1_873,Test@12345
FCUserRun1_874,Test@12345
FCUserRun1_875,Test@12345
FCUserRun1_876,Test@12345
FCUserRun1_877,Test@12345
FCUserRun1_878,Test@12345
FCUserRun1_879,Test@12345
FCUserRun1_880,Test@12345
FCUserRun1_881,Test@12345
FCUserRun1_882,Test@12345
FCUserRun1_883,Test@12345
FCUserRun1_884,Test@12345
FCUserRun1_885,Test@12345
FCUserRun1_886,Test@12345
FCUserRun1_887,Test@12345
FCUserRun1_888,Test@12345
FCUserRun1_889,Test@12345
FCUserRun1_890,Test@12345
FCUserRun1_891,Test@12345
FCUserRun1_892,Test@12345
FCUserRun1_893,Test@12345
FCUserRun1_894,Test@12345
FCUserRun1_895,Test@12345
FCUserRun1_896,Test@12345
FCUserRun1_897,Test@12345
FCUserRun1_898,Test@12345
FCUserRun1_899,Test@12345
FCUserRun1_900,Test@12345
FCUserRun1_901,Test@12345
FCUserRun1_902,Test@12345
FCUserRun1_903,Test@12345
FCUserRun1_904,Test@12345
FCUserRun1_905,Test@12345
FCUserRun1_906,Test@12345
FCUserRun1_907,Test@12345
FCUserRun1_908,Test@12345
FCUserRun1_909,Test@12345
FCUserRun1_910,Test@12345
FCUserRun1_911,Test@12345
FCUserRun1_912,Test@12345
FCUserRun1_913,Test@12345
FCUserRun1_914,Test@12345
FCUserRun1_915,Test@12345
FCUserRun1_916,Test@12345
FCUserRun1_917,Test@12345
FCUserRun1_918,Test@12345
FCUserRun1_919,Test@12345
FCUserRun1_920,Test@12345
FCUserRun1_921,Test@12345
FCUserRun1_922,Test@12345
FCUserRun1_923,Test@12345
FCUserRun1_924,Test@12345
FCUserRun1_925,Test@12345
FCUserRun1_926,Test@12345
FCUserRun1_927,Test@12345
FCUserRun1_928,Test@12345
FCUserRun1_929,Test@12345
FCUserRun1_930,Test@12345
FCUserRun1_931,Test@12345
FCUserRun1_932,Test@12345
FCUserRun1_933,Test@12345
FCUserRun1_934,Test@12345
FCUserRun1_935,Test@12345
FCUserRun1_936,Test@12345
FCUserRun1_937,Test@12345
FCUserRun1_938,Test@12345
FCUserRun1_939,Test@12345
FCUserRun1_940,Test@12345
FCUserRun1_941,Test@12345
FCUserRun1_942,Test@12345
FCUserRun1_943,Test@12345
FCUserRun1_944,Test@12345
FCUserRun1_945,Test@12345
FCUserRun1_946,Test@12345
FCUserRun1_947,Test@12345
FCUserRun1_948,Test@12345
FCUserRun1_949,Test@12345
FCUserRun1_950,Test@12345
FCUserRun1_951,Test@12345
FCUserRun1_952,Test@12345
FCUserRun1_953,Test@12345
FCUserRun1_954,Test@12345
FCUserRun1_955,Test@12345
FCUserRun1_956,Test@12345
FCUserRun1_957,Test@12345
FCUserRun1_958,Test@12345
FCUserRun1_959,Test@12345
FCUserRun1_960,Test@12345
FCUserRun1_961,Test@12345
FCUserRun1_962,Test@12345
FCUserRun1_963,Test@12345
FCUserRun1_964,Test@12345
FCUserRun1_965,Test@12345
FCUserRun1_966,Test@12345
FCUserRun1_967,Test@12345
FCUserRun1_968,Test@12345
FCUserRun1_969,Test@12345
FCUserRun1_970,Test@12345
FCUserRun1_971,Test@12345
FCUserRun1_972,Test@12345
FCUserRun1_973,Test@12345
FCUserRun1_974,Test@12345
FCUserRun1_975,Test@12345
FCUserRun1_976,Test@12345
FCUserRun1_977,Test@12345
FCUserRun1_978,Test@12345
FCUserRun1_979,Test@12345
FCUserRun1_980,Test@12345
FCUserRun1_981,Test@12345
FCUserRun1_982,Test@12345
FCUserRun1_983,Test@12345
FCUserRun1_984,Test@12345
FCUserRun1_985,Test@12345
FCUserRun1_986,Test@12345
FCUserRun1_987,Test@12345
FCUserRun1_988,Test@12345
FCUserRun1_989,Test@12345
FCUserRun1_990,Test@12345
FCUserRun1_991,Test@12345
FCUserRun1_992,Test@12345
FCUserRun1_993,Test@12345
FCUserRun1_994,Test@12345
FCUserRun1_995,Test@12345
FCUserRun1_996,Test@12345
FCUserRun1_997,Test@12345
FCUserRun1_998,Test@12345
FCUserRun1_999,Test@12345
FCUserRun1_1000,Test@12345
FCUserRun1_1001,Test@12345
FCUserRun1_1002,Test@12345
FCUserRun1_1003,Test@12345
FCUserRun1_1004,Test@12345
FCUserRun1_1005,Test@12345
FCUserRun1_1006,Test@12345
FCUserRun1_1007,Test@12345
FCUserRun1_1008,Test@12345
FCUserRun1_1009,Test@12345
FCUserRun1_1010,Test@12345
FCUserRun1_1011,Test@12345
FCUserRun1_1012,Test@12345
FCUserRun1_1013,Test@12345
FCUserRun1_1014,Test@12345
FCUserRun1_1015,Test@12345
FCUserRun1_1016,Test@12345
FCUserRun1_1017,Test@12345
FCUserRun1_1018,Test@12345
FCUserRun1_1019,Test@12345
FCUserRun1_1020,Test@12345
FCUserRun1_1021,Test@12345
FCUserRun1_1022,Test@12345
FCUserRun1_1023,Test@12345
FCUserRun1_1024,Test@12345
FCUserRun1_1025,Test@12345
FCUserRun1_1026,Test@12345
FCUserRun1_1027,Test@12345
FCUserRun1_1028,Test@12345
FCUserRun1_1029,Test@12345
FCUserRun1_1030,Test@12345
FCUserRun1_1031,Test@12345
FCUserRun1_1032,Test@12345
FCUserRun1_1033,Test@12345
FCUserRun1_1034,Test@12345
FCUserRun1_1035,Test@12345
FCUserRun1_1036,Test@12345
FCUserRun1_1037,Test@12345
FCUserRun1_1038,Test@12345
FCUserRun1_1039,Test@12345
FCUserRun1_1040,Test@12345
FCUserRun1_1041,Test@12345
FCUserRun1_1042,Test@12345
FCUserRun1_1043,Test@12345
FCUserRun1_1044,Test@12345
FCUserRun1_1045,Test@12345
FCUserRun1_1046,Test@12345
FCUserRun1_1047,Test@12345
FCUserRun1_1048,Test@12345
FCUserRun1_1049,Test@12345
FCUserRun1_1050,Test@12345
FCUserRun1_1051,Test@12345
FCUserRun1_1052,Test@12345
FCUserRun1_1053,Test@12345
FCUserRun1_1054,Test@12345
FCUserRun1_1055,Test@12345
FCUserRun1_1056,Test@12345
FCUserRun1_1057,Test@12345
FCUserRun1_1058,Test@12345
FCUserRun1_1059,Test@12345
FCUserRun1_1060,Test@12345
FCUserRun1_1061,Test@12345
FCUserRun1_1062,Test@12345
FCUserRun1_1063,Test@12345
FCUserRun1_1064,Test@12345
FCUserRun1_1065,Test@12345
FCUserRun1_1066,Test@12345
FCUserRun1_1067,Test@12345
FCUserRun1_1068,Test@12345
FCUserRun1_1069,Test@12345
FCUserRun1_1070,Test@12345
FCUserRun1_1071,Test@12345
FCUserRun1_1072,Test@12345
FCUserRun1_1073,Test@12345
FCUserRun1_1074,Test@12345
FCUserRun1_1075,Test@12345
FCUserRun1_1076,Test@12345
FCUserRun1_1077,Test@12345
FCUserRun1_1078,Test@12345
FCUserRun1_1079,Test@12345
FCUserRun1_1080,Test@12345
FCUserRun1_1081,Test@12345
FCUserRun1_1082,Test@12345
FCUserRun1_1083,Test@12345
FCUserRun1_1084,Test@12345
FCUserRun1_1085,Test@12345
FCUserRun1_1086,Test@12345
FCUserRun1_1087,Test@12345
FCUserRun1_1088,Test@12345
FCUserRun1_1089,Test@12345
FCUserRun1_1090,Test@12345
FCUserRun1_1091,Test@12345
FCUserRun1_1092,Test@12345
FCUserRun1_1093,Test@12345
FCUserRun1_1094,Test@12345
FCUserRun1_1095,Test@12345
FCUserRun1_1096,Test@12345
FCUserRun1_1097,Test@12345
FCUserRun1_1098,Test@12345
FCUserRun1_1099,Test@12345
FCUserRun1_1100,Test@12345
FCUserRun1_1101,Test@12345
FCUserRun1_1102,Test@12345
FCUserRun1_1103,Test@12345
FCUserRun1_1104,Test@12345
FCUserRun1_1105,Test@12345
FCUserRun1_1106,Test@12345
FCUserRun1_1107,Test@12345
FCUserRun1_1108,Test@12345
FCUserRun1_1109,Test@12345
FCUserRun1_1110,Test@12345
FCUserRun1_1111,Test@12345
FCUserRun1_1112,Test@12345
FCUserRun1_1113,Test@12345
FCUserRun1_1114,Test@12345
FCUserRun1_1115,Test@12345
FCUserRun1_1116,Test@12345
FCUserRun1_1117,Test@12345
FCUserRun1_1118,Test@12345
FCUserRun1_1119,Test@12345
FCUserRun1_1120,Test@12345
FCUserRun1_1121,Test@12345
FCUserRun1_1122,Test@12345
FCUserRun1_1123,Test@12345
FCUserRun1_1124,Test@12345
FCUserRun1_1125,Test@12345
FCUserRun1_1126,Test@12345
FCUserRun1_1127,Test@12345
FCUserRun1_1128,Test@12345
FCUserRun1_1129,Test@12345
FCUserRun1_1130,Test@12345
FCUserRun1_1131,Test@12345
FCUserRun1_1132,Test@12345
FCUserRun1_1133,Test@12345
FCUserRun1_1134,Test@12345
FCUserRun1_1135,Test@12345
FCUserRun1_1136,Test@12345
FCUserRun1_1137,Test@12345
FCUserRun1_1138,Test@12345
FCUserRun1_1139,Test@12345
FCUserRun1_1140,Test@12345
FCUserRun1_1141,Test@12345
FCUserRun1_1142,Test@12345
FCUserRun1_1143,Test@12345
FCUserRun1_1144,Test@12345
FCUserRun1_1145,Test@12345
FCUserRun1_1146,Test@12345
FCUserRun1_1147,Test@12345
FCUserRun1_1148,Test@12345
FCUserRun1_1149,Test@12345
FCUserRun1_1150,Test@12345
FCUserRun1_1151,Test@12345
FCUserRun1_1152,Test@12345
FCUserRun1_1153,Test@12345
FCUserRun1_1154,Test@12345
FCUserRun1_1155,Test@12345
FCUserRun1_1156,Test@12345
FCUserRun1_1157,Test@12345
FCUserRun1_1158,Test@12345
FCUserRun1_1159,Test@12345
FCUserRun1_1160,Test@12345
FCUserRun1_1161,Test@12345
FCUserRun1_1162,Test@12345
FCUserRun1_1163,Test@12345
FCUserRun1_1164,Test@12345
FCUserRun1_1165,Test@12345
FCUserRun1_1166,Test@12345
FCUserRun1_1167,Test@12345
FCUserRun1_1168,Test@12345
FCUserRun1_1169,Test@12345
FCUserRun1_1170,Test@12345
FCUserRun1_1171,Test@12345
FCUserRun1_1172,Test@12345
FCUserRun1_1173,Test@12345
FCUserRun1_1174,Test@12345
FCUserRun1_1175,Test@12345
FCUserRun1_1176,Test@12345
FCUserRun1_1177,Test@12345
FCUserRun1_1178,Test@12345
FCUserRun1_1179,Test@12345
FCUserRun1_1180,Test@12345
FCUserRun1_1181,Test@12345
FCUserRun1_1182,Test@12345
FCUserRun1_1183,Test@12345
FCUserRun1_1184,Test@12345
FCUserRun1_1185,Test@12345
FCUserRun1_1186,Test@12345
FCUserRun1_1187,Test@12345
FCUserRun1_1188,Test@12345
FCUserRun1_1189,Test@12345
FCUserRun1_1190,Test@12345
FCUserRun1_1191,Test@12345
FCUserRun1_1192,Test@12345
FCUserRun1_1193,Test@12345
FCUserRun1_1194,Test@12345
FCUserRun1_1195,Test@12345
FCUserRun1_1196,Test@12345
FCUserRun1_1197,Test@12345
FCUserRun1_1198,Test@12345
FCUserRun1_1199,Test@12345
FCUserRun1_1200,Test@12345
FCUserRun1_1201,Test@12345
FCUserRun1_1202,Test@12345
FCUserRun1_1203,Test@12345
FCUserRun1_1204,Test@12345
FCUserRun1_1205,Test@12345
FCUserRun1_1206,Test@12345
FCUserRun1_1207,Test@12345
FCUserRun1_1208,Test@12345
FCUserRun1_1209,Test@12345
FCUserRun1_1210,Test@12345
FCUserRun1_1211,Test@12345
FCUserRun1_1212,Test@12345
FCUserRun1_1213,Test@12345
FCUserRun1_1214,Test@12345
FCUserRun1_1215,Test@12345
FCUserRun1_1216,Test@12345
FCUserRun1_1217,Test@12345
FCUserRun1_1218,Test@12345
FCUserRun1_1219,Test@12345
FCUserRun1_1220,Test@12345
FCUserRun1_1221,Test@12345
FCUserRun1_1222,Test@12345
FCUserRun1_1223,Test@12345
FCUserRun1_1224,Test@12345
FCUserRun1_1225,Test@12345
FCUserRun1_1226,Test@12345
FCUserRun1_1227,Test@12345
FCUserRun1_1228,Test@12345
FCUserRun1_1229,Test@12345
FCUserRun1_1230,Test@12345
FCUserRun1_1231,Test@12345
FCUserRun1_1232,Test@12345
FCUserRun1_1233,Test@12345
FCUserRun1_1234,Test@12345
FCUserRun1_1235,Test@12345
FCUserRun1_1236,Test@12345
FCUserRun1_1237,Test@12345
FCUserRun1_1238,Test@12345
FCUserRun1_1239,Test@12345
FCUserRun1_1240,Test@12345
FCUserRun1_1241,Test@12345
FCUserRun1_1242,Test@12345
FCUserRun1_1243,Test@12345
FCUserRun1_1244,Test@12345
FCUserRun1_1245,Test@12345
FCUserRun1_1246,Test@12345
FCUserRun1_1247,Test@12345
FCUserRun1_1248,Test@12345
FCUserRun1_1249,Test@12345
FCUserRun1_1250,Test@12345
FCUserRun1_1251,Test@12345
FCUserRun1_1252,Test@12345
FCUserRun1_1253,Test@12345
FCUserRun1_1254,Test@12345
FCUserRun1_1255,Test@12345
FCUserRun1_1256,Test@12345
FCUserRun1_1257,Test@12345
FCUserRun1_1258,Test@12345
FCUserRun1_1259,Test@12345
FCUserRun1_1260,Test@12345
FCUserRun1_1261,Test@12345
FCUserRun1_1262,Test@12345
FCUserRun1_1263,Test@12345
FCUserRun1_1264,Test@12345
FCUserRun1_1265,Test@12345
FCUserRun1_1266,Test@12345
FCUserRun1_1267,Test@12345
FCUserRun1_1268,Test@12345
FCUserRun1_1269,Test@12345
FCUserRun1_1270,Test@12345
FCUserRun1_1271,Test@12345
FCUserRun1_1272,Test@12345
FCUserRun1_1273,Test@12345
FCUserRun1_1274,Test@12345
FCUserRun1_1275,Test@12345
FCUserRun1_1276,Test@12345
FCUserRun1_1277,Test@12345
FCUserRun1_1278,Test@12345
FCUserRun1_1279,Test@12345
FCUserRun1_1280,Test@12345
FCUserRun1_1281,Test@12345
FCUserRun1_1282,Test@12345
FCUserRun1_1283,Test@12345
FCUserRun1_1284,Test@12345
FCUserRun1_1285,Test@12345
FCUserRun1_1286,Test@12345
FCUserRun1_1287,Test@12345
FCUserRun1_1288,Test@12345
FCUserRun1_1289,Test@12345
FCUserRun1_1290,Test@12345
FCUserRun1_1291,Test@12345
FCUserRun1_1292,Test@12345
FCUserRun1_1293,Test@12345
FCUserRun1_1294,Test@12345
FCUserRun1_1295,Test@12345
FCUserRun1_1296,Test@12345
FCUserRun1_1297,Test@12345
FCUserRun1_1298,Test@12345
FCUserRun1_1299,Test@12345
FCUserRun1_1300,Test@12345
FCUserRun1_1301,Test@12345
FCUserRun1_1302,Test@12345
FCUserRun1_1303,Test@12345
FCUserRun1_1304,Test@12345
FCUserRun1_1305,Test@12345
FCUserRun1_1306,Test@12345
FCUserRun1_1307,Test@12345
FCUserRun1_1308,Test@12345
FCUserRun1_1309,Test@12345
FCUserRun1_1310,Test@12345
FCUserRun1_1311,Test@12345
FCUserRun1_1312,Test@12345
FCUserRun1_1313,Test@12345
FCUserRun1_1314,Test@12345
FCUserRun1_1315,Test@12345
FCUserRun1_1316,Test@12345
FCUserRun1_1317,Test@12345
FCUserRun1_1318,Test@12345
FCUserRun1_1319,Test@12345
FCUserRun1_1320,Test@12345
FCUserRun1_1321,Test@12345
FCUserRun1_1322,Test@12345
FCUserRun1_1323,Test@12345
FCUserRun1_1324,Test@12345
FCUserRun1_1325,Test@12345
FCUserRun1_1326,Test@12345
FCUserRun1_1327,Test@12345
FCUserRun1_1328,Test@12345
FCUserRun1_1329,Test@12345
FCUserRun1_1330,Test@12345
FCUserRun1_1331,Test@12345
FCUserRun1_1332,Test@12345
FCUserRun1_1333,Test@12345
FCUserRun1_1334,Test@12345
FCUserRun1_1335,Test@12345
FCUserRun1_1336,Test@12345
FCUserRun1_1337,Test@12345
FCUserRun1_1338,Test@12345
FCUserRun1_1339,Test@12345
FCUserRun1_1340,Test@12345
FCUserRun1_1341,Test@12345
FCUserRun1_1342,Test@12345
FCUserRun1_1343,Test@12345
FCUserRun1_1344,Test@12345
FCUserRun1_1345,Test@12345
FCUserRun1_1346,Test@12345
FCUserRun1_1347,Test@12345
FCUserRun1_1348,Test@12345
FCUserRun1_1349,Test@12345
FCUserRun1_1350,Test@12345
FCUserRun1_1351,Test@12345
FCUserRun1_1352,Test@12345
FCUserRun1_1353,Test@12345
FCUserRun1_1354,Test@12345
FCUserRun1_1355,Test@12345
FCUserRun1_1356,Test@12345
FCUserRun1_1357,Test@12345
FCUserRun1_1358,Test@12345
FCUserRun1_1359,Test@12345
FCUserRun1_1360,Test@12345
FCUserRun1_1361,Test@12345
FCUserRun1_1362,Test@12345
FCUserRun1_1363,Test@12345
FCUserRun1_1364,Test@12345
FCUserRun1_1365,Test@12345
FCUserRun1_1366,Test@12345
FCUserRun1_1367,Test@12345
FCUserRun1_1368,Test@12345
FCUserRun1_1369,Test@12345
FCUserRun1_1370,Test@12345
FCUserRun1_1371,Test@12345
FCUserRun1_1372,Test@12345
FCUserRun1_1373,Test@12345
FCUserRun1_1374,Test@12345
FCUserRun1_1375,Test@12345
FCUserRun1_1376,Test@12345
FCUserRun1_1377,Test@12345
FCUserRun1_1378,Test@12345
FCUserRun1_1379,Test@12345
FCUserRun1_1380,Test@12345
FCUserRun1_1381,Test@12345
FCUserRun1_1382,Test@12345
FCUserRun1_1383,Test@12345
FCUserRun1_1384,Test@12345
FCUserRun1_1385,Test@12345
FCUserRun1_1386,Test@12345
FCUserRun1_1387,Test@12345
FCUserRun1_1388,Test@12345
FCUserRun1_1389,Test@12345
FCUserRun1_1390,Test@12345
FCUserRun1_1391,Test@12345
FCUserRun1_1392,Test@12345
FCUserRun1_1393,Test@12345
FCUserRun1_1394,Test@12345
FCUserRun1_1395,Test@12345
FCUserRun1_1396,Test@12345
FCUserRun1_1397,Test@12345
FCUserRun1_1398,Test@12345
FCUserRun1_1399,Test@12345
FCUserRun1_1400,Test@12345
FCUserRun1_1401,Test@12345
FCUserRun1_1402,Test@12345
FCUserRun1_1403,Test@12345
FCUserRun1_1404,Test@12345
FCUserRun1_1405,Test@12345
FCUserRun1_1406,Test@12345
FCUserRun1_1407,Test@12345
FCUserRun1_1408,Test@12345
FCUserRun1_1409,Test@12345
FCUserRun1_1410,Test@12345
FCUserRun1_1411,Test@12345
FCUserRun1_1412,Test@12345
FCUserRun1_1413,Test@12345
FCUserRun1_1414,Test@12345
FCUserRun1_1415,Test@12345
FCUserRun1_1416,Test@12345
FCUserRun1_1417,Test@12345
FCUserRun1_1418,Test@12345
FCUserRun1_1419,Test@12345
FCUserRun1_1420,Test@12345
FCUserRun1_1421,Test@12345
FCUserRun1_1422,Test@12345
FCUserRun1_1423,Test@12345
FCUserRun1_1424,Test@12345
FCUserRun1_1425,Test@12345
FCUserRun1_1426,Test@12345
FCUserRun1_1427,Test@12345
FCUserRun1_1428,Test@12345
FCUserRun1_1429,Test@12345
FCUserRun1_1430,Test@12345
FCUserRun1_1431,Test@12345
FCUserRun1_1432,Test@12345
FCUserRun1_1433,Test@12345
FCUserRun1_1434,Test@12345
FCUserRun1_1435,Test@12345
FCUserRun1_1436,Test@12345
FCUserRun1_1437,Test@12345
FCUserRun1_1438,Test@12345
FCUserRun1_1439,Test@12345
FCUserRun1_1440,Test@12345
FCUserRun1_1441,Test@12345
FCUserRun1_1442,Test@12345
FCUserRun1_1443,Test@12345
FCUserRun1_1444,Test@12345
FCUserRun1_1445,Test@12345
FCUserRun1_1446,Test@12345
FCUserRun1_1447,Test@12345
FCUserRun1_1448,Test@12345
FCUserRun1_1449,Test@12345
FCUserRun1_1450,Test@12345
FCUserRun1_1451,Test@12345
FCUserRun1_1452,Test@12345
FCUserRun1_1453,Test@12345
FCUserRun1_1454,Test@12345
FCUserRun1_1455,Test@12345
FCUserRun1_1456,Test@12345
FCUserRun1_1457,Test@12345
FCUserRun1_1458,Test@12345
FCUserRun1_1459,Test@12345
FCUserRun1_1460,Test@12345
FCUserRun1_1461,Test@12345
FCUserRun1_1462,Test@12345
FCUserRun1_1463,Test@12345
FCUserRun1_1464,Test@12345
FCUserRun1_1465,Test@12345
FCUserRun1_1466,Test@12345
FCUserRun1_1467,Test@12345
FCUserRun1_1468,Test@12345
FCUserRun1_1469,Test@12345
FCUserRun1_1470,Test@12345
FCUserRun1_1471,Test@12345
FCUserRun1_1472,Test@12345
FCUserRun1_1473,Test@12345
FCUserRun1_1474,Test@12345
FCUserRun1_1475,Test@12345
FCUserRun1_1476,Test@12345
FCUserRun1_1477,Test@12345
FCUserRun1_1478,Test@12345
FCUserRun1_1479,Test@12345
FCUserRun1_1480,Test@12345
FCUserRun1_1481,Test@12345
FCUserRun1_1482,Test@12345
FCUserRun1_1483,Test@12345
FCUserRun1_1484,Test@12345
FCUserRun1_1485,Test@12345
FCUserRun1_1486,Test@12345
FCUserRun1_1487,Test@12345
FCUserRun1_1488,Test@12345
FCUserRun1_1489,Test@12345
FCUserRun1_1490,Test@12345
FCUserRun1_1491,Test@12345
FCUserRun1_1492,Test@12345
FCUserRun1_1493,Test@12345
FCUserRun1_1494,Test@12345
FCUserRun1_1495,Test@12345
FCUserRun1_1496,Test@12345
FCUserRun1_1497,Test@12345
FCUserRun1_1498,Test@12345
FCUserRun1_1499,Test@12345
FCUserRun1_1500,Test@12345
FCUserRun1_1501,Test@12345
FCUserRun1_1502,Test@12345
FCUserRun1_1503,Test@12345
FCUserRun1_1504,Test@12345
FCUserRun1_1505,Test@12345
FCUserRun1_1506,Test@12345
FCUserRun1_1507,Test@12345
FCUserRun1_1508,Test@12345
FCUserRun1_1509,Test@12345
FCUserRun1_1510,Test@12345
FCUserRun1_1511,Test@12345
FCUserRun1_1512,Test@12345
FCUserRun1_1513,Test@12345
FCUserRun1_1514,Test@12345
FCUserRun1_1515,Test@12345
FCUserRun1_1516,Test@12345
FCUserRun1_1517,Test@12345
FCUserRun1_1518,Test@12345
FCUserRun1_1519,Test@12345
FCUserRun1_1520,Test@12345
FCUserRun1_1521,Test@12345
FCUserRun1_1522,Test@12345
FCUserRun1_1523,Test@12345
FCUserRun1_1524,Test@12345
FCUserRun1_1525,Test@12345
FCUserRun1_1526,Test@12345
FCUserRun1_1527,Test@12345
FCUserRun1_1528,Test@12345
FCUserRun1_1529,Test@12345
FCUserRun1_1530,Test@12345
FCUserRun1_1531,Test@12345
FCUserRun1_1532,Test@12345
FCUserRun1_1533,Test@12345
FCUserRun1_1534,Test@12345
FCUserRun1_1535,Test@12345
FCUserRun1_1536,Test@12345
FCUserRun1_1537,Test@12345
FCUserRun1_1538,Test@12345
FCUserRun1_1539,Test@12345
FCUserRun1_1540,Test@12345
FCUserRun1_1541,Test@12345
FCUserRun1_1542,Test@12345
FCUserRun1_1543,Test@12345
FCUserRun1_1544,Test@12345
FCUserRun1_1545,Test@12345
FCUserRun1_1546,Test@12345
FCUserRun1_1547,Test@12345
FCUserRun1_1548,Test@12345
FCUserRun1_1549,Test@12345
FCUserRun1_1550,Test@12345
FCUserRun1_1551,Test@12345
FCUserRun1_1552,Test@12345
FCUserRun1_1553,Test@12345
FCUserRun1_1554,Test@12345
FCUserRun1_1555,Test@12345
FCUserRun1_1556,Test@12345
FCUserRun1_1557,Test@12345
FCUserRun1_1558,Test@12345
FCUserRun1_1559,Test@12345
FCUserRun1_1560,Test@12345
FCUserRun1_1561,Test@12345
FCUserRun1_1562,Test@12345
FCUserRun1_1563,Test@12345
FCUserRun1_1564,Test@12345
FCUserRun1_1565,Test@12345
FCUserRun1_1566,Test@12345
FCUserRun1_1567,Test@12345
FCUserRun1_1568,Test@12345
FCUserRun1_1569,Test@12345
FCUserRun1_1570,Test@12345
FCUserRun1_1571,Test@12345
FCUserRun1_1572,Test@12345
FCUserRun1_1573,Test@12345
FCUserRun1_1574,Test@12345
FCUserRun1_1575,Test@12345
FCUserRun1_1576,Test@12345
FCUserRun1_1577,Test@12345
FCUserRun1_1578,Test@12345
FCUserRun1_1579,Test@12345
FCUserRun1_1580,Test@12345
FCUserRun1_1581,Test@12345
FCUserRun1_1582,Test@12345
FCUserRun1_1583,Test@12345
FCUserRun1_1584,Test@12345
FCUserRun1_1585,Test@12345
FCUserRun1_1586,Test@12345
FCUserRun1_1587,Test@12345
FCUserRun1_1588,Test@12345
FCUserRun1_1589,Test@12345
FCUserRun1_1590,Test@12345
FCUserRun1_1591,Test@12345
FCUserRun1_1592,Test@12345
FCUserRun1_1593,Test@12345
FCUserRun1_1594,Test@12345
FCUserRun1_1595,Test@12345
FCUserRun1_1596,Test@12345
FCUserRun1_1597,Test@12345
FCUserRun1_1598,Test@12345
FCUserRun1_1599,Test@12345
FCUserRun1_1600,Test@12345
FCUserRun1_1601,Test@12345
FCUserRun1_1602,Test@12345
FCUserRun1_1603,Test@12345
FCUserRun1_1604,Test@12345
FCUserRun1_1605,Test@12345
FCUserRun1_1606,Test@12345
FCUserRun1_1607,Test@12345
FCUserRun1_1608,Test@12345
FCUserRun1_1609,Test@12345
FCUserRun1_1610,Test@12345
FCUserRun1_1611,Test@12345
FCUserRun1_1612,Test@12345
FCUserRun1_1613,Test@12345
FCUserRun1_1614,Test@12345
FCUserRun1_1615,Test@12345
FCUserRun1_1616,Test@12345
FCUserRun1_1617,Test@12345
FCUserRun1_1618,Test@12345
FCUserRun1_1619,Test@12345
FCUserRun1_1620,Test@12345
FCUserRun1_1621,Test@12345
FCUserRun1_1622,Test@12345
FCUserRun1_1623,Test@12345
FCUserRun1_1624,Test@12345
FCUserRun1_1625,Test@12345
FCUserRun1_1626,Test@12345
FCUserRun1_1627,Test@12345
FCUserRun1_1628,Test@12345
FCUserRun1_1629,Test@12345
FCUserRun1_1630,Test@12345
FCUserRun1_1631,Test@12345
FCUserRun1_1632,Test@12345
FCUserRun1_1633,Test@12345
FCUserRun1_1634,Test@12345
FCUserRun1_1635,Test@12345
FCUserRun1_1636,Test@12345
FCUserRun1_1637,Test@12345
FCUserRun1_1638,Test@12345
FCUserRun1_1639,Test@12345
FCUserRun1_1640,Test@12345
FCUserRun1_1641,Test@12345
FCUserRun1_1642,Test@12345
FCUserRun1_1643,Test@12345
FCUserRun1_1644,Test@12345
FCUserRun1_1645,Test@12345
FCUserRun1_1646,Test@12345
FCUserRun1_1647,Test@12345
FCUserRun1_1648,Test@12345
FCUserRun1_1649,Test@12345
FCUserRun1_1650,Test@12345
FCUserRun1_1651,Test@12345
FCUserRun1_1652,Test@12345
FCUserRun1_1653,Test@12345
FCUserRun1_1654,Test@12345
FCUserRun1_1655,Test@12345
FCUserRun1_1656,Test@12345
FCUserRun1_1657,Test@12345
FCUserRun1_1658,Test@12345
FCUserRun1_1659,Test@12345
FCUserRun1_1660,Test@12345
FCUserRun1_1661,Test@12345
FCUserRun1_1662,Test@12345
FCUserRun1_1663,Test@12345
FCUserRun1_1664,Test@12345
FCUserRun1_1665,Test@12345
FCUserRun1_1666,Test@12345
FCUserRun1_1667,Test@12345
FCUserRun1_1668,Test@12345
FCUserRun1_1669,Test@12345
FCUserRun1_1670,Test@12345
FCUserRun1_1671,Test@12345
FCUserRun1_1672,Test@12345
FCUserRun1_1673,Test@12345
FCUserRun1_1674,Test@12345
FCUserRun1_1675,Test@12345
FCUserRun1_1676,Test@12345
FCUserRun1_1677,Test@12345
FCUserRun1_1678,Test@12345
FCUserRun1_1679,Test@12345
FCUserRun1_1680,Test@12345
FCUserRun1_1681,Test@12345
FCUserRun1_1682,Test@12345
FCUserRun1_1683,Test@12345
FCUserRun1_1684,Test@12345
FCUserRun1_1685,Test@12345
FCUserRun1_1686,Test@12345
FCUserRun1_1687,Test@12345
FCUserRun1_1688,Test@12345
FCUserRun1_1689,Test@12345
FCUserRun1_1690,Test@12345
FCUserRun1_1691,Test@12345
FCUserRun1_1692,Test@12345
FCUserRun1_1693,Test@12345
FCUserRun1_1694,Test@12345
FCUserRun1_1695,Test@12345
FCUserRun1_1696,Test@12345
FCUserRun1_1697,Test@12345
FCUserRun1_1698,Test@12345
FCUserRun1_1699,Test@12345
FCUserRun1_1700,Test@12345
FCUserRun1_1701,Test@12345
FCUserRun1_1702,Test@12345
FCUserRun1_1703,Test@12345
FCUserRun1_1704,Test@12345
FCUserRun1_1705,Test@12345
FCUserRun1_1706,Test@12345
FCUserRun1_1707,Test@12345
FCUserRun1_1708,Test@12345
FCUserRun1_1709,Test@12345
FCUserRun1_1710,Test@12345
FCUserRun1_1711,Test@12345
FCUserRun1_1712,Test@12345
FCUserRun1_1713,Test@12345
FCUserRun1_1714,Test@12345
FCUserRun1_1715,Test@12345
FCUserRun1_1716,Test@12345
FCUserRun1_1717,Test@12345
FCUserRun1_1718,Test@12345
FCUserRun1_1719,Test@12345
FCUserRun1_1720,Test@12345
FCUserRun1_1721,Test@12345
FCUserRun1_1722,Test@12345
FCUserRun1_1723,Test@12345
FCUserRun1_1724,Test@12345
FCUserRun1_1725,Test@12345
FCUserRun1_1726,Test@12345
FCUserRun1_1727,Test@12345
FCUserRun1_1728,Test@12345
FCUserRun1_1729,Test@12345
FCUserRun1_1730,Test@12345
FCUserRun1_1731,Test@12345
FCUserRun1_1732,Test@12345
FCUserRun1_1733,Test@12345
FCUserRun1_1734,Test@12345
FCUserRun1_1735,Test@12345
FCUserRun1_1736,Test@12345
FCUserRun1_1737,Test@12345
FCUserRun1_1738,Test@12345
FCUserRun1_1739,Test@12345
FCUserRun1_1740,Test@12345
FCUserRun1_1741,Test@12345
FCUserRun1_1742,Test@12345
FCUserRun1_1743,Test@12345
FCUserRun1_1744,Test@12345
FCUserRun1_1745,Test@12345
FCUserRun1_1746,Test@12345
FCUserRun1_1747,Test@12345
FCUserRun1_1748,Test@12345
FCUserRun1_1749,Test@12345
FCUserRun1_1750,Test@12345
FCUserRun1_1751,Test@12345
FCUserRun1_1752,Test@12345
FCUserRun1_1753,Test@12345
FCUserRun1_1754,Test@12345
FCUserRun1_1755,Test@12345
FCUserRun1_1756,Test@12345
FCUserRun1_1757,Test@12345
FCUserRun1_1758,Test@12345
FCUserRun1_1759,Test@12345
FCUserRun1_1760,Test@12345
FCUserRun1_1761,Test@12345
FCUserRun1_1762,Test@12345
FCUserRun1_1763,Test@12345
FCUserRun1_1764,Test@12345
FCUserRun1_1765,Test@12345
FCUserRun1_1766,Test@12345
FCUserRun1_1767,Test@12345
FCUserRun1_1768,Test@12345
FCUserRun1_1769,Test@12345
FCUserRun1_1770,Test@12345
FCUserRun1_1771,Test@12345
FCUserRun1_1772,Test@12345
FCUserRun1_1773,Test@12345
FCUserRun1_1774,Test@12345
FCUserRun1_1775,Test@12345
FCUserRun1_1776,Test@12345
FCUserRun1_1777,Test@12345
FCUserRun1_1778,Test@12345
FCUserRun1_1779,Test@12345
FCUserRun1_1780,Test@12345
FCUserRun1_1781,Test@12345
FCUserRun1_1782,Test@12345
FCUserRun1_1783,Test@12345
FCUserRun1_1784,Test@12345
FCUserRun1_1785,Test@12345
FCUserRun1_1786,Test@12345
FCUserRun1_1787,Test@12345
FCUserRun1_1788,Test@12345
FCUserRun1_1789,Test@12345
FCUserRun1_1790,Test@12345
FCUserRun1_1791,Test@12345
FCUserRun1_1792,Test@12345
FCUserRun1_1793,Test@12345
FCUserRun1_1794,Test@12345
FCUserRun1_1795,Test@12345
FCUserRun1_1796,Test@12345
FCUserRun1_1797,Test@12345
FCUserRun1_1798,Test@12345
FCUserRun1_1799,Test@12345
FCUserRun1_1800,Test@12345
FCUserRun1_1801,Test@12345
FCUserRun1_1802,Test@12345
FCUserRun1_1803,Test@12345
FCUserRun1_1804,Test@12345
FCUserRun1_1805,Test@12345
FCUserRun1_1806,Test@12345
FCUserRun1_1807,Test@12345
FCUserRun1_1808,Test@12345
FCUserRun1_1809,Test@12345
FCUserRun1_1810,Test@12345
FCUserRun1_1811,Test@12345
FCUserRun1_1812,Test@12345
FCUserRun1_1813,Test@12345
FCUserRun1_1814,Test@12345
FCUserRun1_1815,Test@12345
FCUserRun1_1816,Test@12345
FCUserRun1_1817,Test@12345
FCUserRun1_1818,Test@12345
FCUserRun1_1819,Test@12345
FCUserRun1_1820,Test@12345
FCUserRun1_1821,Test@12345
FCUserRun1_1822,Test@12345
FCUserRun1_1823,Test@12345
FCUserRun1_1824,Test@12345
FCUserRun1_1825,Test@12345
FCUserRun1_1826,Test@12345
FCUserRun1_1827,Test@12345
FCUserRun1_1828,Test@12345
FCUserRun1_1829,Test@12345
FCUserRun1_1830,Test@12345
FCUserRun1_1831,Test@12345
FCUserRun1_1832,Test@12345
FCUserRun1_1833,Test@12345
FCUserRun1_1834,Test@12345
FCUserRun1_1835,Test@12345
FCUserRun1_1836,Test@12345
FCUserRun1_1837,Test@12345
FCUserRun1_1838,Test@12345
FCUserRun1_1839,Test@12345
FCUserRun1_1840,Test@12345
FCUserRun1_1841,Test@12345
FCUserRun1_1842,Test@12345
FCUserRun1_1843,Test@12345
FCUserRun1_1844,Test@12345
FCUserRun1_1845,Test@12345
FCUserRun1_1846,Test@12345
FCUserRun1_1847,Test@12345
FCUserRun1_1848,Test@12345
FCUserRun1_1849,Test@12345
FCUserRun1_1850,Test@12345
FCUserRun1_1851,Test@12345
FCUserRun1_1852,Test@12345
FCUserRun1_1853,Test@12345
FCUserRun1_1854,Test@12345
FCUserRun1_1855,Test@12345
FCUserRun1_1856,Test@12345
FCUserRun1_1857,Test@12345
FCUserRun1_1858,Test@12345
FCUserRun1_1859,Test@12345
FCUserRun1_1860,Test@12345
FCUserRun1_1861,Test@12345
FCUserRun1_1862,Test@12345
FCUserRun1_1863,Test@12345
FCUserRun1_1864,Test@12345
FCUserRun1_1865,Test@12345
FCUserRun1_1866,Test@12345
FCUserRun1_1867,Test@12345
FCUserRun1_1868,Test@12345
FCUserRun1_1869,Test@12345
FCUserRun1_1870,Test@12345
FCUserRun1_1871,Test@12345
FCUserRun1_1872,Test@12345
FCUserRun1_1873,Test@12345
FCUserRun1_1874,Test@12345
FCUserRun1_1875,Test@12345
FCUserRun1_1876,Test@12345
FCUserRun1_1877,Test@12345
FCUserRun1_1878,Test@12345
FCUserRun1_1879,Test@12345
FCUserRun1_1880,Test@12345
FCUserRun1_1881,Test@12345
FCUserRun1_1882,Test@12345
FCUserRun1_1883,Test@12345
FCUserRun1_1884,Test@12345
FCUserRun1_1885,Test@12345
FCUserRun1_1886,Test@12345
FCUserRun1_1887,Test@12345
FCUserRun1_1888,Test@12345
FCUserRun1_1889,Test@12345
FCUserRun1_1890,Test@12345
FCUserRun1_1891,Test@12345
FCUserRun1_1892,Test@12345
FCUserRun1_1893,Test@12345
FCUserRun1_1894,Test@12345
FCUserRun1_1895,Test@12345
FCUserRun1_1896,Test@12345
FCUserRun1_1897,Test@12345
FCUserRun1_1898,Test@12345
FCUserRun1_1899,Test@12345
FCUserRun1_1900,Test@12345
FCUserRun1_1901,Test@12345
FCUserRun1_1902,Test@12345
FCUserRun1_1903,Test@12345
FCUserRun1_1904,Test@12345
FCUserRun1_1905,Test@12345
FCUserRun1_1906,Test@12345
FCUserRun1_1907,Test@12345
FCUserRun1_1908,Test@12345
FCUserRun1_1909,Test@12345
FCUserRun1_1910,Test@12345
FCUserRun1_1911,Test@12345
FCUserRun1_1912,Test@12345
FCUserRun1_1913,Test@12345
FCUserRun1_1914,Test@12345
FCUserRun1_1915,Test@12345
FCUserRun1_1916,Test@12345
FCUserRun1_1917,Test@12345
FCUserRun1_1918,Test@12345
FCUserRun1_1919,Test@12345
FCUserRun1_1920,Test@12345
FCUserRun1_1921,Test@12345
FCUserRun1_1922,Test@12345
FCUserRun1_1923,Test@12345
FCUserRun1_1924,Test@12345
FCUserRun1_1925,Test@12345
FCUserRun1_1926,Test@12345
FCUserRun1_1927,Test@12345
FCUserRun1_1928,Test@12345
FCUserRun1_1929,Test@12345
FCUserRun1_1930,Test@12345
FCUserRun1_1931,Test@12345
FCUserRun1_1932,Test@12345
FCUserRun1_1933,Test@12345
FCUserRun1_1934,Test@12345
FCUserRun1_1935,Test@12345
FCUserRun1_1936,Test@12345
FCUserRun1_1937,Test@12345
FCUserRun1_1938,Test@12345
FCUserRun1_1939,Test@12345
FCUserRun1_1940,Test@12345
FCUserRun1_1941,Test@12345
FCUserRun1_1942,Test@12345
FCUserRun1_1943,Test@12345
FCUserRun1_1944,Test@12345
FCUserRun1_1945,Test@12345
FCUserRun1_1946,Test@12345
FCUserRun1_1947,Test@12345
FCUserRun1_1948,Test@12345
FCUserRun1_1949,Test@12345
FCUserRun1_1950,Test@12345
FCUserRun1_1951,Test@12345
FCUserRun1_1952,Test@12345
FCUserRun1_1953,Test@12345
FCUserRun1_1954,Test@12345
FCUserRun1_1955,Test@12345
FCUserRun1_1956,Test@12345
FCUserRun1_1957,Test@12345
FCUserRun1_1958,Test@12345
FCUserRun1_1959,Test@12345
FCUserRun1_1960,Test@12345
FCUserRun1_1961,Test@12345
FCUserRun1_1962,Test@12345
FCUserRun1_1963,Test@12345
FCUserRun1_1964,Test@12345
FCUserRun1_1965,Test@12345
FCUserRun1_1966,Test@12345
FCUserRun1_1967,Test@12345
FCUserRun1_1968,Test@12345
FCUserRun1_1969,Test@12345
FCUserRun1_1970,Test@12345
FCUserRun1_1971,Test@12345
FCUserRun1_1972,Test@12345
FCUserRun1_1973,Test@12345
FCUserRun1_1974,Test@12345
FCUserRun1_1975,Test@12345
FCUserRun1_1976,Test@12345
FCUserRun1_1977,Test@12345
FCUserRun1_1978,Test@12345
FCUserRun1_1979,Test@12345
FCUserRun1_1980,Test@12345
FCUserRun1_1981,Test@12345
FCUserRun1_1982,Test@12345
FCUserRun1_1983,Test@12345
FCUserRun1_1984,Test@12345
FCUserRun1_1985,Test@12345
FCUserRun1_1986,Test@12345
FCUserRun1_1987,Test@12345
FCUserRun1_1988,Test@12345
FCUserRun1_1989,Test@12345
FCUserRun1_1990,Test@12345
FCUserRun1_1991,Test@12345
FCUserRun1_1992,Test@12345
FCUserRun1_1993,Test@12345
FCUserRun1_1994,Test@12345
FCUserRun1_1995,Test@12345
FCUserRun1_1996,Test@12345
FCUserRun1_1997,Test@12345
FCUserRun1_1998,Test@12345
FCUserRun1_1999,Test@12345
FCUserRun1_2000,Test@12345
