FCUserRun1_1,Logged In Successfully,938.14
FCUserRun1_3,Logged In Successfully,776.26
FCUserRun1_4,Logged In Successfully,773.7399999999999
FCUserRun1_5,Logged In Successfully,780.3399999999999
FCUserRun1_7,Logged In Successfully,768.3599999999999
FCUserRun1_8,Logged In Successfully,752.7599999999999
FCUserRun1_9,NOT_FOUND(message),NOT_FOUND(availablePts)
FCUserRun1_1,Logged In Successfully,938.14
FCUserRun1_3,Logged In Successfully,776.26
FCUserRun1_4,Logged In Successfully,773.7399999999999
FCUserRun1_5,Logged In Successfully,780.3399999999999
FCUserRun1_7,Logged In Successfully,768.3599999999999
FCUserRun1_8,Logged In Successfully,752.7599999999999
FCUserRun1_9,Logged In Successfully,792.3599999999999
FCUserRun1_11,Logged In Successfully,828.38
FCUserRun1_12,Logged In Successfully,742.8
FCUserRun1_13,Logged In Successfully,778.3599999999999
FCUserRun1_15,Logged In Successfully,784.4399999999999
FCUserRun1_16,Logged In Successfully,772.8199999999999
FCUserRun1_17,Logged In Successfully,783.42
FCUserRun1_19,Logged In Successfully,767.42
FCUserRun1_20,Logged In Successfully,751.8199999999999
FCUserRun1_23,Logged In Successfully,759.8199999999999
FCUserRun1_21,Logged In Successfully,732.8
FCUserRun1_24,Logged In Successfully,751.8399999999999
FCUserRun1_25,Logged In Successfully,740.8399999999999
FCUserRun1_27,Logged In Successfully,776.8399999999999
FCUserRun1_28,Logged In Successfully,800.8399999999999
FCUserRun1_29,NOT_FOUND(message),NOT_FOUND(availablePts)
FCUserRun1_6,Logged In Successfully,767.7599999999999
FCUserRun1_8,Logged In Successfully,751.7599999999999
FCUserRun1_3,Logged In Successfully,775.26
FCUserRun1_5,Logged In Successfully,779.3399999999999
FCUserRun1_2,Logged In Successfully,776.6799999999998
FCUserRun1_10,Logged In Successfully,757.78
FCUserRun1_11,Logged In Successfully,827.38
FCUserRun1_1,Logged In Successfully,937.14
FCUserRun1_4,Logged In Successfully,772.7399999999999
FCUserRun1_9,Logged In Successfully,791.3599999999999
FCUserRun1_7,Logged In Successfully,767.3599999999999
FCUserRun1_12,Logged In Successfully,742.8
FCUserRun1_13,Logged In Successfully,778.3599999999999
FCUserRun1_14,Logged In Successfully,754.78
FCUserRun1_15,Logged In Successfully,784.4399999999999
FCUserRun1_16,Logged In Successfully,772.8199999999999
FCUserRun1_17,Logged In Successfully,783.42
FCUserRun1_18,Logged In Successfully,763.8
FCUserRun1_19,Logged In Successfully,767.42
FCUserRun1_20,Logged In Successfully,751.8199999999999
FCUserRun1_21,Logged In Successfully,732.8
FCUserRun1_22,Logged In Successfully,763.8199999999999
FCUserRun1_23,Logged In Successfully,759.8199999999999
FCUserRun1_24,Logged In Successfully,751.8399999999999
FCUserRun1_25,Logged In Successfully,740.8399999999999
FCUserRun1_26,Logged In Successfully,761.8399999999999
FCUserRun1_27,Logged In Successfully,776.8399999999999
FCUserRun1_28,Logged In Successfully,800.8399999999999
FCUserRun1_29,Logged In Successfully,746.8799999999999
FCUserRun1_30,Logged In Successfully,728.9
FCUserRun1_31,Logged In Successfully,714.8799999999999
FCUserRun1_32,Logged In Successfully,757.8799999999999
FCUserRun1_33,Logged In Successfully,754.8799999999999
FCUserRun1_34,Logged In Successfully,737.9
FCUserRun1_35,Logged In Successfully,770.9399999999999
FCUserRun1_36,Logged In Successfully,702.92
FCUserRun1_37,Logged In Successfully,731.9399999999999
FCUserRun1_38,Logged In Successfully,694.9399999999999
FCUserRun1_39,Logged In Successfully,785.92
FCUserRun1_40,Logged In Successfully,771.92
FCUserRun1_41,Logged In Successfully,803.9399999999999
FCUserRun1_42,Logged In Successfully,711.92
FCUserRun1_43,Logged In Successfully,743.9399999999999
FCUserRun1_44,Logged In Successfully,721.9399999999999
FCUserRun1_45,Logged In Successfully,701.9399999999999
FCUserRun1_46,Logged In Successfully,728.9399999999999
FCUserRun1_47,Logged In Successfully,733.9399999999999
FCUserRun1_48,Logged In Successfully,722.9599999999999
FCUserRun1_49,Logged In Successfully,738.9599999999999
FCUserRun1_50,Logged In Successfully,736.9599999999999
FCUserRun1_51,Logged In Successfully,868.9399999999999
FCUserRun1_52,Logged In Successfully,762.9399999999999
FCUserRun1_53,Logged In Successfully,698
FCUserRun1_54,Logged In Successfully,695.98
FCUserRun1_55,Logged In Successfully,711.98
FCUserRun1_56,Logged In Successfully,681.98
FCUserRun1_57,Logged In Successfully,786
FCUserRun1_58,Logged In Successfully,706.02
FCUserRun1_59,Logged In Successfully,693
FCUserRun1_60,Logged In Successfully,710.98
FCUserRun1_61,Logged In Successfully,667.98
FCUserRun1_62,Logged In Successfully,677
FCUserRun1_63,Logged In Successfully,728
FCUserRun1_64,Logged In Successfully,729.02
FCUserRun1_65,Logged In Successfully,697
FCUserRun1_66,Logged In Successfully,691.02
FCUserRun1_67,Logged In Successfully,759.04
FCUserRun1_68,Logged In Successfully,753.02
FCUserRun1_69,Logged In Successfully,797.04
FCUserRun1_70,Logged In Successfully,693.02
FCUserRun1_71,Logged In Successfully,690.06
FCUserRun1_72,Logged In Successfully,783.0799999999999
FCUserRun1_73,Logged In Successfully,715.0799999999999
FCUserRun1_74,Logged In Successfully,697.0799999999999
FCUserRun1_75,Logged In Successfully,734.0799999999999
FCUserRun1_76,Logged In Successfully,701.0799999999999
FCUserRun1_77,Logged In Successfully,684.0799999999999
FCUserRun1_78,Logged In Successfully,692.0799999999999
FCUserRun1_79,Logged In Successfully,702.0999999999999
FCUserRun1_80,Logged In Successfully,711.0799999999999
FCUserRun1_81,Logged In Successfully,748.0799999999999
FCUserRun1_82,Logged In Successfully,725.0799999999999
FCUserRun1_83,Logged In Successfully,712.0999999999999
FCUserRun1_84,Logged In Successfully,721.0999999999999
FCUserRun1_85,Logged In Successfully,729.0999999999999
FCUserRun1_86,Logged In Successfully,707.0999999999999
FCUserRun1_87,Logged In Successfully,721.12
FCUserRun1_88,Logged In Successfully,722.14
FCUserRun1_89,Logged In Successfully,692.12
FCUserRun1_90,Logged In Successfully,723.12
FCUserRun1_91,Logged In Successfully,719.14
FCUserRun1_92,Logged In Successfully,690.12
FCUserRun1_93,Logged In Successfully,736.14
FCUserRun1_94,Logged In Successfully,698.14
FCUserRun1_95,Logged In Successfully,679.18
FCUserRun1_96,Logged In Successfully,762.16
FCUserRun1_97,Logged In Successfully,734.14
FCUserRun1_98,Logged In Successfully,730.14
FCUserRun1_99,Logged In Successfully,706.16
FCUserRun1_100,Logged In Successfully,758.14
FCUserRun1_101,Logged In Successfully,635.86
FCUserRun1_102,Logged In Successfully,761.38
FCUserRun1_103,Logged In Successfully,755.36
FCUserRun1_104,Logged In Successfully,692.38
FCUserRun1_105,Logged In Successfully,695.38
FCUserRun1_106,Logged In Successfully,711.38
FCUserRun1_107,Logged In Successfully,716.4
FCUserRun1_108,Logged In Successfully,646.38
FCUserRun1_109,Logged In Successfully,781.38
FCUserRun1_110,Logged In Successfully,659.38
FCUserRun1_111,Logged In Successfully,682.4
FCUserRun1_112,Logged In Successfully,682.44
FCUserRun1_113,Logged In Successfully,689.48
FCUserRun1_114,Logged In Successfully,647.44
FCUserRun1_115,Logged In Successfully,690.44
FCUserRun1_116,Logged In Successfully,665.44
FCUserRun1_117,Logged In Successfully,677.44
FCUserRun1_118,Logged In Successfully,699.46
FCUserRun1_119,Logged In Successfully,695.44
FCUserRun1_120,Logged In Successfully,726.46
FCUserRun1_121,Logged In Successfully,671.46
FCUserRun1_122,Logged In Successfully,637.42
FCUserRun1_123,Logged In Successfully,724.44
FCUserRun1_124,Logged In Successfully,688.44
FCUserRun1_125,Logged In Successfully,687.46
FCUserRun1_126,Logged In Successfully,695.44
FCUserRun1_127,Logged In Successfully,706.44
FCUserRun1_128,Logged In Successfully,690.46
FCUserRun1_129,Logged In Successfully,657.5
FCUserRun1_130,Logged In Successfully,707.48
FCUserRun1_131,Logged In Successfully,748.46
FCUserRun1_132,Logged In Successfully,629.5
FCUserRun1_133,Logged In Successfully,739.46
FCUserRun1_134,Logged In Successfully,725.46
FCUserRun1_135,Logged In Successfully,724.46
FCUserRun1_136,Logged In Successfully,663.46
FCUserRun1_137,Logged In Successfully,744.46
FCUserRun1_138,Logged In Successfully,697.46
FCUserRun1_139,Logged In Successfully,675.46
FCUserRun1_140,Logged In Successfully,724.46
FCUserRun1_141,Logged In Successfully,694.46
FCUserRun1_142,Logged In Successfully,666.48
FCUserRun1_143,Logged In Successfully,663.48
FCUserRun1_144,Logged In Successfully,699.46
FCUserRun1_145,Logged In Successfully,686.46
FCUserRun1_146,Logged In Successfully,768.46
FCUserRun1_147,Logged In Successfully,744.5
FCUserRun1_148,Logged In Successfully,716.48
FCUserRun1_149,Logged In Successfully,715.48
FCUserRun1_150,Logged In Successfully,680.5
FCUserRun1_151,Logged In Successfully,699.48
FCUserRun1_152,Logged In Successfully,680.48
FCUserRun1_153,Logged In Successfully,761.48
FCUserRun1_154,Logged In Successfully,780.52
FCUserRun1_155,Logged In Successfully,689.52
FCUserRun1_156,Logged In Successfully,680.52
FCUserRun1_157,Logged In Successfully,715.5
FCUserRun1_158,Logged In Successfully,702.52
FCUserRun1_159,Logged In Successfully,649.52
FCUserRun1_160,Logged In Successfully,668.52
FCUserRun1_161,Logged In Successfully,736.52
FCUserRun1_162,Logged In Successfully,646.52
FCUserRun1_163,Logged In Successfully,651.54
FCUserRun1_164,Logged In Successfully,699.52
FCUserRun1_165,Logged In Successfully,714.54
FCUserRun1_166,Logged In Successfully,700.54
FCUserRun1_167,Logged In Successfully,659.54
FCUserRun1_168,Logged In Successfully,704.54
FCUserRun1_169,Logged In Successfully,758.54
FCUserRun1_170,Logged In Successfully,781.54
FCUserRun1_171,Logged In Successfully,676.56
FCUserRun1_172,Logged In Successfully,664.56
FCUserRun1_173,Logged In Successfully,650.56
FCUserRun1_174,Logged In Successfully,662.54
FCUserRun1_175,Logged In Successfully,641.54
FCUserRun1_176,Logged In Successfully,785.54
FCUserRun1_177,Logged In Successfully,715.54
FCUserRun1_178,Logged In Successfully,627.54
FCUserRun1_179,Logged In Successfully,668.56
FCUserRun1_180,Logged In Successfully,797.56
FCUserRun1_181,Logged In Successfully,770.56
FCUserRun1_182,Logged In Successfully,739.56
FCUserRun1_183,Logged In Successfully,696.56
FCUserRun1_184,Logged In Successfully,665.58
FCUserRun1_185,Logged In Successfully,701.56
FCUserRun1_186,Logged In Successfully,672.6
FCUserRun1_187,Logged In Successfully,683.58
FCUserRun1_188,Logged In Successfully,682.58
FCUserRun1_189,Logged In Successfully,673.58
FCUserRun1_190,Logged In Successfully,697.58
FCUserRun1_191,Logged In Successfully,751.58
FCUserRun1_192,Logged In Successfully,701.58
FCUserRun1_193,Logged In Successfully,677.58
FCUserRun1_194,Logged In Successfully,722.56
FCUserRun1_195,Logged In Successfully,669.62
FCUserRun1_196,Logged In Successfully,671.62
FCUserRun1_197,Logged In Successfully,686.62
FCUserRun1_198,Logged In Successfully,698.62
FCUserRun1_199,Logged In Successfully,718.66
FCUserRun1_200,Logged In Successfully,734.66
FCUserRun1_201,Logged In Successfully,656.64
FCUserRun1_202,Logged In Successfully,675.64
FCUserRun1_203,Logged In Successfully,665.64
FCUserRun1_204,Logged In Successfully,715.64
FCUserRun1_205,Logged In Successfully,656.66
FCUserRun1_206,Logged In Successfully,654.64
FCUserRun1_207,Logged In Successfully,732.64
FCUserRun1_208,Logged In Successfully,637.64
FCUserRun1_209,Logged In Successfully,681.64
FCUserRun1_210,Logged In Successfully,672.64
FCUserRun1_211,Logged In Successfully,944.62
FCUserRun1_212,Logged In Successfully,910.66
FCUserRun1_213,Logged In Successfully,921.64
FCUserRun1_214,Logged In Successfully,928.64
FCUserRun1_215,Logged In Successfully,890.64
FCUserRun1_216,Logged In Successfully,895.64
FCUserRun1_217,Logged In Successfully,898.66
FCUserRun1_218,Logged In Successfully,906.66
FCUserRun1_219,Logged In Successfully,930.6800000000001
FCUserRun1_220,Logged In Successfully,899.66
FCUserRun1_221,Logged In Successfully,892.66
FCUserRun1_222,Logged In Successfully,833.66
FCUserRun1_223,Logged In Successfully,868.6800000000001
FCUserRun1_224,Logged In Successfully,828.66
FCUserRun1_225,Logged In Successfully,848.66
FCUserRun1_226,Logged In Successfully,844.66
FCUserRun1_227,Logged In Successfully,871.66
FCUserRun1_228,Logged In Successfully,833.66
FCUserRun1_229,Logged In Successfully,819.66
FCUserRun1_230,Logged In Successfully,852.66
FCUserRun1_231,Logged In Successfully,791.66
FCUserRun1_232,Logged In Successfully,763.66
FCUserRun1_233,Logged In Successfully,780.66
FCUserRun1_234,Logged In Successfully,774.66
FCUserRun1_235,Logged In Successfully,785.66
FCUserRun1_236,Logged In Successfully,790.6800000000001
FCUserRun1_237,Logged In Successfully,770.7
FCUserRun1_238,Logged In Successfully,819.6800000000001
FCUserRun1_239,Logged In Successfully,768.6800000000001
FCUserRun1_240,Logged In Successfully,759.6800000000001
FCUserRun1_241,Logged In Successfully,854.6800000000001
FCUserRun1_242,Logged In Successfully,786.6800000000001
FCUserRun1_243,Logged In Successfully,811.6800000000001
FCUserRun1_244,Logged In Successfully,807.6800000000001
FCUserRun1_245,Logged In Successfully,777.6800000000001
FCUserRun1_246,Logged In Successfully,760.6800000000001
FCUserRun1_247,Logged In Successfully,817.6800000000001
FCUserRun1_248,Logged In Successfully,769.66
FCUserRun1_249,Logged In Successfully,767.66
FCUserRun1_250,Logged In Successfully,755.6800000000001
FCUserRun1_251,Logged In Successfully,773.6800000000001
FCUserRun1_252,Logged In Successfully,759.7
FCUserRun1_253,Logged In Successfully,774.72
FCUserRun1_254,Logged In Successfully,757.7
FCUserRun1_255,Logged In Successfully,741.72
FCUserRun1_256,Logged In Successfully,816.7
FCUserRun1_257,Logged In Successfully,791.7
FCUserRun1_258,Logged In Successfully,775.7
FCUserRun1_259,Logged In Successfully,733.7
FCUserRun1_260,Logged In Successfully,789.72
FCUserRun1_261,Logged In Successfully,770.7
FCUserRun1_262,Logged In Successfully,779.7
FCUserRun1_263,Logged In Successfully,760.72
FCUserRun1_264,Logged In Successfully,796.7
FCUserRun1_265,Logged In Successfully,778.7
FCUserRun1_266,Logged In Successfully,803.6800000000001
FCUserRun1_267,Logged In Successfully,780.6800000000001
FCUserRun1_268,Logged In Successfully,735.72
FCUserRun1_269,Logged In Successfully,778.6800000000001
FCUserRun1_270,Logged In Successfully,772.6800000000001
FCUserRun1_271,Logged In Successfully,778.7
FCUserRun1_272,Logged In Successfully,754.72
FCUserRun1_273,Logged In Successfully,761.7
FCUserRun1_274,Logged In Successfully,766.7
FCUserRun1_275,Logged In Successfully,737.7
FCUserRun1_276,Logged In Successfully,778.7
FCUserRun1_277,Logged In Successfully,768.7
FCUserRun1_278,Logged In Successfully,778.72
FCUserRun1_279,Logged In Successfully,739.7
FCUserRun1_280,Logged In Successfully,774.7
FCUserRun1_281,Logged In Successfully,759.7
FCUserRun1_282,Logged In Successfully,760.7
FCUserRun1_283,Logged In Successfully,770.7
FCUserRun1_284,Logged In Successfully,759.72
FCUserRun1_285,Logged In Successfully,779.72
FCUserRun1_286,Logged In Successfully,773.72
FCUserRun1_287,Logged In Successfully,778.7
FCUserRun1_288,Logged In Successfully,748.74
FCUserRun1_289,Logged In Successfully,761.74
FCUserRun1_290,Logged In Successfully,800.74
FCUserRun1_291,Logged In Successfully,717.76
FCUserRun1_292,Logged In Successfully,761.76
FCUserRun1_293,Logged In Successfully,736.74
FCUserRun1_294,Logged In Successfully,738.74
FCUserRun1_295,Logged In Successfully,780.74
FCUserRun1_296,Logged In Successfully,764.74
FCUserRun1_297,Logged In Successfully,789.76
FCUserRun1_298,Logged In Successfully,751.76
FCUserRun1_299,Logged In Successfully,748.74
FCUserRun1_300,Logged In Successfully,767.74
FCUserRun1_301,Logged In Successfully,742.76
FCUserRun1_302,Logged In Successfully,771.74
FCUserRun1_303,Logged In Successfully,747.76
FCUserRun1_304,Logged In Successfully,744.74
FCUserRun1_305,Logged In Successfully,773.74
FCUserRun1_306,Logged In Successfully,779.74
FCUserRun1_307,Logged In Successfully,723.76
FCUserRun1_308,Logged In Successfully,725.76
FCUserRun1_309,Logged In Successfully,756.76
FCUserRun1_310,Logged In Successfully,740.76
FCUserRun1_311,Logged In Successfully,728.78
FCUserRun1_312,Logged In Successfully,729.76
FCUserRun1_313,Logged In Successfully,735.76
FCUserRun1_314,Logged In Successfully,740.76
FCUserRun1_315,Logged In Successfully,730.76
FCUserRun1_316,Logged In Successfully,769.76
FCUserRun1_317,Logged In Successfully,733.76
FCUserRun1_318,Logged In Successfully,795.76
FCUserRun1_319,Logged In Successfully,764.76
FCUserRun1_320,Logged In Successfully,711.78
FCUserRun1_321,Logged In Successfully,708.76
FCUserRun1_322,Logged In Successfully,767.76
FCUserRun1_323,Logged In Successfully,744.76
FCUserRun1_324,Logged In Successfully,786.76
FCUserRun1_325,Logged In Successfully,739.78
FCUserRun1_326,Logged In Successfully,729.78
FCUserRun1_327,Logged In Successfully,722.78
FCUserRun1_328,Logged In Successfully,739.78
FCUserRun1_329,Logged In Successfully,715.78
FCUserRun1_330,Logged In Successfully,754.78
FCUserRun1_331,Logged In Successfully,720.78
FCUserRun1_332,Logged In Successfully,722.78
FCUserRun1_333,Logged In Successfully,753.78
FCUserRun1_334,Logged In Successfully,730.78
FCUserRun1_335,Logged In Successfully,724.78
FCUserRun1_336,Logged In Successfully,744.78
FCUserRun1_337,Logged In Successfully,747.78
FCUserRun1_338,Logged In Successfully,735.8
FCUserRun1_339,Logged In Successfully,736.8
FCUserRun1_340,Logged In Successfully,726.78
FCUserRun1_341,Logged In Successfully,766.78
FCUserRun1_342,Logged In Successfully,743.78
FCUserRun1_343,Logged In Successfully,756.8
FCUserRun1_344,Logged In Successfully,798.8
FCUserRun1_345,Logged In Successfully,746.8
FCUserRun1_346,Logged In Successfully,731.8
FCUserRun1_347,Logged In Successfully,725.8
FCUserRun1_348,Logged In Successfully,726.8
FCUserRun1_349,Logged In Successfully,738.8
FCUserRun1_350,Logged In Successfully,733.8
FCUserRun1_351,Logged In Successfully,742.8
FCUserRun1_352,Logged In Successfully,722.8
FCUserRun1_353,Logged In Successfully,699.8
FCUserRun1_354,Logged In Successfully,708.8
FCUserRun1_355,Logged In Successfully,753.8
FCUserRun1_356,Logged In Successfully,709.8
FCUserRun1_357,Logged In Successfully,727.82
FCUserRun1_358,Logged In Successfully,756.8
FCUserRun1_359,Logged In Successfully,729.82
FCUserRun1_360,Logged In Successfully,739.8
FCUserRun1_361,Logged In Successfully,730.82
FCUserRun1_362,Logged In Successfully,721.82
FCUserRun1_363,Logged In Successfully,732.82
FCUserRun1_364,Logged In Successfully,742.82
FCUserRun1_365,Logged In Successfully,768.82
FCUserRun1_366,Logged In Successfully,697.82
FCUserRun1_367,Logged In Successfully,748.82
FCUserRun1_368,Logged In Successfully,754.82
FCUserRun1_369,Logged In Successfully,722.82
FCUserRun1_370,Logged In Successfully,762.82
FCUserRun1_371,Logged In Successfully,708.82
FCUserRun1_372,Logged In Successfully,753.82
FCUserRun1_373,Logged In Successfully,779.82
FCUserRun1_374,Logged In Successfully,758.82
FCUserRun1_375,Logged In Successfully,754.84
FCUserRun1_376,Logged In Successfully,742.82
FCUserRun1_377,Logged In Successfully,709.82
FCUserRun1_378,Logged In Successfully,720.82
FCUserRun1_379,Logged In Successfully,726.86
FCUserRun1_380,Logged In Successfully,712.84
FCUserRun1_381,Logged In Successfully,689.84
FCUserRun1_382,Logged In Successfully,721.86
FCUserRun1_383,Logged In Successfully,695.84
FCUserRun1_384,Logged In Successfully,714.84
FCUserRun1_385,Logged In Successfully,725.84
FCUserRun1_386,Logged In Successfully,709.84
FCUserRun1_387,Logged In Successfully,739.84
FCUserRun1_388,Logged In Successfully,719.84
FCUserRun1_389,Logged In Successfully,711.84
FCUserRun1_390,Logged In Successfully,703.86
FCUserRun1_391,Logged In Successfully,741.86
FCUserRun1_392,Logged In Successfully,719.88
FCUserRun1_393,Logged In Successfully,745.86
FCUserRun1_394,Logged In Successfully,705.86
FCUserRun1_395,Logged In Successfully,702.86
FCUserRun1_396,Logged In Successfully,716.88
FCUserRun1_397,Logged In Successfully,717.88
FCUserRun1_398,Logged In Successfully,704.88
FCUserRun1_399,Logged In Successfully,719.88
FCUserRun1_400,Logged In Successfully,676.88
FCUserRun1_401,Logged In Successfully,692.88
FCUserRun1_402,Logged In Successfully,734.88
FCUserRun1_403,Logged In Successfully,706.88
FCUserRun1_404,Logged In Successfully,718.88
FCUserRun1_405,Logged In Successfully,727.88
FCUserRun1_406,Logged In Successfully,701.88
FCUserRun1_407,Logged In Successfully,711.88
FCUserRun1_408,Logged In Successfully,757.88
FCUserRun1_409,Logged In Successfully,704.88
FCUserRun1_410,Logged In Successfully,723.88
FCUserRun1_411,Logged In Successfully,686.88
FCUserRun1_412,Logged In Successfully,723.88
FCUserRun1_413,Logged In Successfully,709.88
FCUserRun1_414,Logged In Successfully,670.9
FCUserRun1_415,Logged In Successfully,708.9
FCUserRun1_416,Logged In Successfully,733.9
FCUserRun1_417,Logged In Successfully,731.9
FCUserRun1_418,Logged In Successfully,725.9
FCUserRun1_419,Logged In Successfully,679.9
FCUserRun1_420,Logged In Successfully,695.9
FCUserRun1_421,Logged In Successfully,685.9
FCUserRun1_422,Logged In Successfully,727.9
FCUserRun1_423,Logged In Successfully,697.9
FCUserRun1_424,Logged In Successfully,728.9
FCUserRun1_425,Logged In Successfully,725.9
FCUserRun1_426,Logged In Successfully,719.9
FCUserRun1_427,Logged In Successfully,706.9
FCUserRun1_428,Logged In Successfully,694.9
FCUserRun1_429,Logged In Successfully,706.9
FCUserRun1_430,Logged In Successfully,714.9
FCUserRun1_431,Logged In Successfully,754.9
FCUserRun1_432,Logged In Successfully,715.92
FCUserRun1_433,Logged In Successfully,683.92
FCUserRun1_434,Logged In Successfully,731.92
FCUserRun1_435,Logged In Successfully,711.92
FCUserRun1_436,Logged In Successfully,687.92
FCUserRun1_437,Logged In Successfully,741.94
FCUserRun1_438,Logged In Successfully,712.92
FCUserRun1_439,Logged In Successfully,757.92
FCUserRun1_440,Logged In Successfully,708.92
FCUserRun1_441,Logged In Successfully,718.92
FCUserRun1_442,Logged In Successfully,711.92
FCUserRun1_443,Logged In Successfully,719.92
FCUserRun1_444,Logged In Successfully,716.92
FCUserRun1_445,Logged In Successfully,705.92
FCUserRun1_446,Logged In Successfully,703.94
FCUserRun1_447,Logged In Successfully,734.92
FCUserRun1_448,Logged In Successfully,712.92
FCUserRun1_449,Logged In Successfully,701.92
FCUserRun1_450,Logged In Successfully,684.94
FCUserRun1_451,Logged In Successfully,697.94
FCUserRun1_452,Logged In Successfully,703.94
FCUserRun1_453,Logged In Successfully,714.94
FCUserRun1_454,Logged In Successfully,707.94
FCUserRun1_455,Logged In Successfully,698.94
FCUserRun1_456,Logged In Successfully,771.94
FCUserRun1_457,Logged In Successfully,749.94
FCUserRun1_458,Logged In Successfully,724.94
FCUserRun1_459,Logged In Successfully,727.94
FCUserRun1_460,Logged In Successfully,711.94
FCUserRun1_461,Logged In Successfully,686.94
FCUserRun1_462,Logged In Successfully,686.94
FCUserRun1_463,Logged In Successfully,685.94
FCUserRun1_464,Logged In Successfully,724.94
FCUserRun1_465,Logged In Successfully,708.94
FCUserRun1_466,Logged In Successfully,684.94
FCUserRun1_467,Logged In Successfully,700.94
FCUserRun1_468,Logged In Successfully,719.94
FCUserRun1_469,Logged In Successfully,713.94
FCUserRun1_470,Logged In Successfully,717.94
FCUserRun1_471,Logged In Successfully,755.94
FCUserRun1_472,Logged In Successfully,699.94
FCUserRun1_473,Logged In Successfully,764.94
FCUserRun1_474,Logged In Successfully,708.94
FCUserRun1_475,Logged In Successfully,732.94
FCUserRun1_476,Logged In Successfully,683.94
FCUserRun1_477,Logged In Successfully,694.94
FCUserRun1_478,Logged In Successfully,711.94
FCUserRun1_479,Logged In Successfully,678.94
FCUserRun1_480,Logged In Successfully,729.96
FCUserRun1_481,Logged In Successfully,669.94
FCUserRun1_482,Logged In Successfully,710.94
FCUserRun1_483,Logged In Successfully,683.96
FCUserRun1_484,Logged In Successfully,695.96
FCUserRun1_485,Logged In Successfully,725.96
FCUserRun1_486,Logged In Successfully,778.96
FCUserRun1_487,Logged In Successfully,729.96
FCUserRun1_488,Logged In Successfully,698.96
FCUserRun1_489,Logged In Successfully,704.96
FCUserRun1_490,Logged In Successfully,706.96
FCUserRun1_491,Logged In Successfully,696.96
FCUserRun1_492,Logged In Successfully,714.96
FCUserRun1_493,Logged In Successfully,686.98
FCUserRun1_494,Logged In Successfully,701.98
FCUserRun1_495,Logged In Successfully,788.98
FCUserRun1_496,Logged In Successfully,683.98
FCUserRun1_497,Logged In Successfully,715.98
FCUserRun1_498,Logged In Successfully,698
FCUserRun1_499,Logged In Successfully,709.98
FCUserRun1_500,Logged In Successfully,711.98
FCUserRun1_501,Logged In Successfully,710
FCUserRun1_502,Logged In Successfully,726
FCUserRun1_503,Logged In Successfully,711
FCUserRun1_504,Logged In Successfully,691
FCUserRun1_505,Logged In Successfully,719
FCUserRun1_506,Logged In Successfully,724
FCUserRun1_507,Logged In Successfully,724
FCUserRun1_508,Logged In Successfully,710
FCUserRun1_509,Logged In Successfully,724
FCUserRun1_510,Logged In Successfully,714
FCUserRun1_511,Logged In Successfully,694
FCUserRun1_512,Logged In Successfully,672
FCUserRun1_513,Logged In Successfully,686
FCUserRun1_514,Logged In Successfully,702
FCUserRun1_515,Logged In Successfully,747
FCUserRun1_516,Logged In Successfully,720
FCUserRun1_517,Logged In Successfully,728
FCUserRun1_518,Logged In Successfully,738
FCUserRun1_519,Logged In Successfully,694
FCUserRun1_520,Logged In Successfully,738
FCUserRun1_521,Logged In Successfully,747
FCUserRun1_522,Logged In Successfully,712
FCUserRun1_523,Logged In Successfully,726
FCUserRun1_524,Logged In Successfully,782
FCUserRun1_525,Logged In Successfully,751
FCUserRun1_526,Logged In Successfully,766
FCUserRun1_527,Logged In Successfully,709
FCUserRun1_528,Logged In Successfully,728
FCUserRun1_529,Logged In Successfully,690
FCUserRun1_530,Logged In Successfully,707
FCUserRun1_531,Logged In Successfully,717
FCUserRun1_532,Logged In Successfully,687
FCUserRun1_533,Logged In Successfully,738
FCUserRun1_534,Logged In Successfully,682
FCUserRun1_535,Logged In Successfully,717
FCUserRun1_536,Logged In Successfully,742
FCUserRun1_537,Logged In Successfully,696
FCUserRun1_538,Logged In Successfully,704
FCUserRun1_539,Logged In Successfully,744
FCUserRun1_540,Logged In Successfully,695
FCUserRun1_541,Logged In Successfully,716
FCUserRun1_542,Logged In Successfully,704
FCUserRun1_543,Logged In Successfully,754
FCUserRun1_544,Logged In Successfully,709
FCUserRun1_545,Logged In Successfully,743
FCUserRun1_546,Logged In Successfully,715
FCUserRun1_547,Logged In Successfully,749
FCUserRun1_548,Logged In Successfully,718
FCUserRun1_549,Logged In Successfully,718
FCUserRun1_550,Logged In Successfully,729
FCUserRun1_551,Logged In Successfully,710
FCUserRun1_552,Logged In Successfully,701
FCUserRun1_553,Logged In Successfully,737
FCUserRun1_554,Logged In Successfully,711
FCUserRun1_555,Logged In Successfully,691
FCUserRun1_556,Logged In Successfully,688
FCUserRun1_557,Logged In Successfully,720
FCUserRun1_558,Logged In Successfully,727
FCUserRun1_559,Logged In Successfully,775
FCUserRun1_560,Logged In Successfully,740
FCUserRun1_561,Logged In Successfully,713
FCUserRun1_562,Logged In Successfully,747
FCUserRun1_563,Logged In Successfully,698
FCUserRun1_564,Logged In Successfully,711
FCUserRun1_565,Logged In Successfully,759
FCUserRun1_566,Logged In Successfully,729
FCUserRun1_567,Logged In Successfully,721
FCUserRun1_568,Logged In Successfully,730
FCUserRun1_569,Logged In Successfully,718
FCUserRun1_570,Logged In Successfully,687
FCUserRun1_571,Logged In Successfully,770
FCUserRun1_572,Logged In Successfully,704
FCUserRun1_573,Logged In Successfully,686
FCUserRun1_574,Logged In Successfully,675
FCUserRun1_575,Logged In Successfully,705
FCUserRun1_576,Logged In Successfully,715
FCUserRun1_577,Logged In Successfully,720
FCUserRun1_578,Logged In Successfully,720
FCUserRun1_579,Logged In Successfully,751
FCUserRun1_580,Logged In Successfully,756
FCUserRun1_581,Logged In Successfully,709
FCUserRun1_582,Logged In Successfully,709
FCUserRun1_583,Logged In Successfully,695
FCUserRun1_584,Logged In Successfully,707
FCUserRun1_585,Logged In Successfully,723
FCUserRun1_586,Logged In Successfully,744
FCUserRun1_587,Logged In Successfully,749
FCUserRun1_588,Logged In Successfully,748
FCUserRun1_589,Logged In Successfully,727
FCUserRun1_590,Logged In Successfully,747
FCUserRun1_591,Logged In Successfully,744
FCUserRun1_592,Logged In Successfully,692
FCUserRun1_593,Logged In Successfully,752
FCUserRun1_594,Logged In Successfully,799
FCUserRun1_595,Logged In Successfully,708
FCUserRun1_596,Logged In Successfully,702
FCUserRun1_597,Logged In Successfully,745
FCUserRun1_598,Logged In Successfully,729
FCUserRun1_599,Logged In Successfully,728
FCUserRun1_600,Logged In Successfully,713
FCUserRun1_601,Logged In Successfully,710
FCUserRun1_602,Logged In Successfully,745
FCUserRun1_603,Logged In Successfully,742
FCUserRun1_604,Logged In Successfully,719
FCUserRun1_605,Logged In Successfully,716
FCUserRun1_606,Logged In Successfully,774
FCUserRun1_607,Logged In Successfully,754
FCUserRun1_608,Logged In Successfully,708
FCUserRun1_609,Logged In Successfully,719
FCUserRun1_610,Logged In Successfully,788
FCUserRun1_611,Logged In Successfully,726
FCUserRun1_612,Logged In Successfully,819
FCUserRun1_613,Logged In Successfully,741
FCUserRun1_614,Logged In Successfully,754
FCUserRun1_615,Logged In Successfully,785
FCUserRun1_616,Logged In Successfully,724
FCUserRun1_617,Logged In Successfully,738
FCUserRun1_618,Logged In Successfully,744
FCUserRun1_619,Logged In Successfully,695
FCUserRun1_620,Logged In Successfully,739
FCUserRun1_621,Logged In Successfully,720
FCUserRun1_622,Logged In Successfully,742
FCUserRun1_623,Logged In Successfully,732
FCUserRun1_624,Logged In Successfully,741
FCUserRun1_625,Logged In Successfully,692
FCUserRun1_626,Logged In Successfully,720
FCUserRun1_627,Logged In Successfully,757
FCUserRun1_628,Logged In Successfully,756
FCUserRun1_629,Logged In Successfully,744
FCUserRun1_630,Logged In Successfully,763
FCUserRun1_631,Logged In Successfully,702
FCUserRun1_632,Logged In Successfully,706
FCUserRun1_633,Logged In Successfully,746
FCUserRun1_634,Logged In Successfully,747
FCUserRun1_635,Logged In Successfully,757
FCUserRun1_636,Logged In Successfully,772
FCUserRun1_637,Logged In Successfully,727
FCUserRun1_638,Logged In Successfully,722
FCUserRun1_639,Logged In Successfully,693
FCUserRun1_640,Logged In Successfully,735
FCUserRun1_641,Logged In Successfully,750
FCUserRun1_642,Logged In Successfully,702
FCUserRun1_643,Logged In Successfully,770
FCUserRun1_644,Logged In Successfully,711
FCUserRun1_645,Logged In Successfully,768
FCUserRun1_646,Logged In Successfully,722
FCUserRun1_647,Logged In Successfully,748
FCUserRun1_648,Logged In Successfully,767
FCUserRun1_649,Logged In Successfully,720
FCUserRun1_650,Logged In Successfully,762
FCUserRun1_651,Logged In Successfully,720
FCUserRun1_652,Logged In Successfully,697
FCUserRun1_653,Logged In Successfully,744
FCUserRun1_654,Logged In Successfully,748
FCUserRun1_655,Logged In Successfully,735
FCUserRun1_656,Logged In Successfully,743
FCUserRun1_657,Logged In Successfully,736
FCUserRun1_658,Logged In Successfully,778
FCUserRun1_659,Logged In Successfully,719
FCUserRun1_660,Logged In Successfully,725
FCUserRun1_661,Logged In Successfully,723
FCUserRun1_662,Logged In Successfully,722
FCUserRun1_663,Logged In Successfully,795
FCUserRun1_664,Logged In Successfully,708
FCUserRun1_665,Logged In Successfully,761
FCUserRun1_666,Logged In Successfully,727
FCUserRun1_667,Logged In Successfully,804
FCUserRun1_668,Logged In Successfully,743
FCUserRun1_669,Logged In Successfully,723
FCUserRun1_670,Logged In Successfully,768
FCUserRun1_671,Logged In Successfully,738
FCUserRun1_672,Logged In Successfully,798
FCUserRun1_673,Logged In Successfully,733
FCUserRun1_674,Logged In Successfully,760
FCUserRun1_675,Logged In Successfully,716
FCUserRun1_676,Logged In Successfully,785
FCUserRun1_677,Logged In Successfully,699
FCUserRun1_678,Logged In Successfully,746
FCUserRun1_679,Logged In Successfully,726
FCUserRun1_680,Logged In Successfully,770
FCUserRun1_681,Logged In Successfully,728
FCUserRun1_682,Logged In Successfully,790
FCUserRun1_683,Logged In Successfully,780
FCUserRun1_684,Logged In Successfully,715
FCUserRun1_685,Logged In Successfully,745
FCUserRun1_686,Logged In Successfully,760
FCUserRun1_687,Logged In Successfully,775
FCUserRun1_688,Logged In Successfully,742
FCUserRun1_689,Logged In Successfully,754
FCUserRun1_690,Logged In Successfully,747
FCUserRun1_691,Logged In Successfully,738
FCUserRun1_692,Logged In Successfully,751
FCUserRun1_693,Logged In Successfully,797
FCUserRun1_694,Logged In Successfully,716
FCUserRun1_695,Logged In Successfully,770
FCUserRun1_696,Logged In Successfully,740
FCUserRun1_697,Logged In Successfully,786
FCUserRun1_698,Logged In Successfully,777
FCUserRun1_699,Logged In Successfully,732
FCUserRun1_700,Logged In Successfully,749
FCUserRun1_701,Logged In Successfully,777
FCUserRun1_702,Logged In Successfully,774
FCUserRun1_703,Logged In Successfully,735
FCUserRun1_704,Logged In Successfully,775
FCUserRun1_705,Logged In Successfully,802
FCUserRun1_706,Logged In Successfully,774
FCUserRun1_707,Logged In Successfully,793
FCUserRun1_708,Logged In Successfully,777
FCUserRun1_709,Logged In Successfully,792
FCUserRun1_710,Logged In Successfully,768
FCUserRun1_711,Logged In Successfully,640
FCUserRun1_712,Logged In Successfully,674
FCUserRun1_713,Logged In Successfully,655
FCUserRun1_714,Logged In Successfully,659
FCUserRun1_715,Logged In Successfully,646
FCUserRun1_716,Logged In Successfully,612
FCUserRun1_717,Logged In Successfully,652
FCUserRun1_718,Logged In Successfully,655
FCUserRun1_719,Logged In Successfully,625
FCUserRun1_720,Logged In Successfully,622
FCUserRun1_721,Logged In Successfully,653
FCUserRun1_722,Logged In Successfully,647
FCUserRun1_723,Logged In Successfully,637
FCUserRun1_724,Logged In Successfully,647
FCUserRun1_725,Logged In Successfully,638
FCUserRun1_726,Logged In Successfully,667
FCUserRun1_727,Logged In Successfully,626
FCUserRun1_728,Logged In Successfully,659
FCUserRun1_729,Logged In Successfully,617
FCUserRun1_730,Logged In Successfully,631
FCUserRun1_731,Logged In Successfully,646
FCUserRun1_732,Logged In Successfully,663
FCUserRun1_733,Logged In Successfully,688
FCUserRun1_734,Logged In Successfully,659
FCUserRun1_735,Logged In Successfully,663
FCUserRun1_736,Logged In Successfully,670
FCUserRun1_737,Logged In Successfully,661
FCUserRun1_738,Logged In Successfully,600
FCUserRun1_739,Logged In Successfully,634
FCUserRun1_740,Logged In Successfully,634
FCUserRun1_741,Logged In Successfully,648
FCUserRun1_742,Logged In Successfully,657
FCUserRun1_743,Logged In Successfully,619
FCUserRun1_744,Logged In Successfully,703
FCUserRun1_745,Logged In Successfully,663
FCUserRun1_746,Logged In Successfully,647
FCUserRun1_747,Logged In Successfully,651
FCUserRun1_748,Logged In Successfully,625
FCUserRun1_749,Logged In Successfully,661
FCUserRun1_750,Logged In Successfully,634
FCUserRun1_751,Logged In Successfully,653
FCUserRun1_752,Logged In Successfully,644
FCUserRun1_753,Logged In Successfully,651
FCUserRun1_754,Logged In Successfully,649
FCUserRun1_755,Logged In Successfully,653
FCUserRun1_756,Logged In Successfully,671
FCUserRun1_757,Logged In Successfully,643
FCUserRun1_758,Logged In Successfully,658
FCUserRun1_759,Logged In Successfully,636
FCUserRun1_760,Logged In Successfully,676
FCUserRun1_761,Logged In Successfully,651
FCUserRun1_762,Logged In Successfully,656
FCUserRun1_763,Logged In Successfully,668
FCUserRun1_764,Logged In Successfully,670
FCUserRun1_765,Logged In Successfully,666
FCUserRun1_766,Logged In Successfully,642
FCUserRun1_767,Logged In Successfully,614
FCUserRun1_768,Logged In Successfully,672
FCUserRun1_769,Logged In Successfully,613
FCUserRun1_770,Logged In Successfully,618
FCUserRun1_771,Logged In Successfully,656
FCUserRun1_772,Logged In Successfully,667
FCUserRun1_773,Logged In Successfully,655
FCUserRun1_774,Logged In Successfully,648
FCUserRun1_775,Logged In Successfully,653
FCUserRun1_776,Logged In Successfully,627
FCUserRun1_777,Logged In Successfully,692
FCUserRun1_778,Logged In Successfully,647
FCUserRun1_779,Logged In Successfully,633
FCUserRun1_780,Logged In Successfully,653
FCUserRun1_781,Logged In Successfully,662
FCUserRun1_782,Logged In Successfully,653
FCUserRun1_783,Logged In Successfully,667
FCUserRun1_784,Logged In Successfully,626
FCUserRun1_785,Logged In Successfully,630
FCUserRun1_786,Logged In Successfully,643
FCUserRun1_787,Logged In Successfully,646
FCUserRun1_788,Logged In Successfully,678
FCUserRun1_789,Logged In Successfully,635
FCUserRun1_790,Logged In Successfully,637
FCUserRun1_791,Logged In Successfully,664
FCUserRun1_792,Logged In Successfully,637
FCUserRun1_793,Logged In Successfully,673
FCUserRun1_794,Logged In Successfully,637
FCUserRun1_795,Logged In Successfully,635
FCUserRun1_796,Logged In Successfully,646
FCUserRun1_797,Logged In Successfully,653
FCUserRun1_798,Logged In Successfully,684
FCUserRun1_799,Logged In Successfully,669
FCUserRun1_800,Logged In Successfully,638
FCUserRun1_801,Logged In Successfully,633
FCUserRun1_802,Logged In Successfully,631
FCUserRun1_803,Logged In Successfully,645
FCUserRun1_804,Logged In Successfully,654
FCUserRun1_805,Logged In Successfully,655
FCUserRun1_806,Logged In Successfully,644
FCUserRun1_807,Logged In Successfully,650
FCUserRun1_808,Logged In Successfully,636
FCUserRun1_809,Logged In Successfully,623
FCUserRun1_810,Logged In Successfully,637
FCUserRun1_811,Logged In Successfully,652
FCUserRun1_812,Logged In Successfully,658
FCUserRun1_813,Logged In Successfully,637
FCUserRun1_814,Logged In Successfully,627
FCUserRun1_815,Logged In Successfully,672
FCUserRun1_816,Logged In Successfully,624
FCUserRun1_817,Logged In Successfully,646
FCUserRun1_818,Logged In Successfully,654
FCUserRun1_819,Logged In Successfully,677
FCUserRun1_820,Logged In Successfully,691
FCUserRun1_821,Logged In Successfully,674
FCUserRun1_822,Logged In Successfully,668
FCUserRun1_823,Logged In Successfully,626
FCUserRun1_824,Logged In Successfully,636
FCUserRun1_825,Logged In Successfully,648
FCUserRun1_826,Logged In Successfully,639
FCUserRun1_827,Logged In Successfully,660
FCUserRun1_828,Logged In Successfully,659
FCUserRun1_829,Logged In Successfully,616
FCUserRun1_830,Logged In Successfully,682
FCUserRun1_831,Logged In Successfully,652
FCUserRun1_832,Logged In Successfully,639
FCUserRun1_833,Logged In Successfully,630
FCUserRun1_834,Logged In Successfully,684
FCUserRun1_835,Logged In Successfully,668
FCUserRun1_836,Logged In Successfully,668
FCUserRun1_837,Logged In Successfully,676
FCUserRun1_838,Logged In Successfully,664
FCUserRun1_839,Logged In Successfully,632
FCUserRun1_840,Logged In Successfully,642
FCUserRun1_841,Logged In Successfully,653
FCUserRun1_842,Logged In Successfully,640
FCUserRun1_843,Logged In Successfully,626
FCUserRun1_844,Logged In Successfully,647
FCUserRun1_845,Logged In Successfully,618
FCUserRun1_846,Logged In Successfully,649
FCUserRun1_847,Logged In Successfully,661
FCUserRun1_848,Logged In Successfully,648
FCUserRun1_849,Logged In Successfully,648
FCUserRun1_850,Logged In Successfully,642
FCUserRun1_851,Logged In Successfully,633
FCUserRun1_852,Logged In Successfully,651
FCUserRun1_853,Logged In Successfully,646
FCUserRun1_854,Logged In Successfully,651
FCUserRun1_855,Logged In Successfully,651
FCUserRun1_856,Logged In Successfully,629
FCUserRun1_857,Logged In Successfully,644
FCUserRun1_858,Logged In Successfully,642
FCUserRun1_859,Logged In Successfully,626
FCUserRun1_860,Logged In Successfully,623
FCUserRun1_861,Logged In Successfully,634
FCUserRun1_862,Logged In Successfully,675
FCUserRun1_863,Logged In Successfully,615
FCUserRun1_864,Logged In Successfully,689
FCUserRun1_865,Logged In Successfully,650
FCUserRun1_866,Logged In Successfully,650
FCUserRun1_867,Logged In Successfully,626
FCUserRun1_868,Logged In Successfully,609
FCUserRun1_869,Logged In Successfully,632
FCUserRun1_870,Logged In Successfully,675
FCUserRun1_871,Logged In Successfully,639
FCUserRun1_872,Logged In Successfully,649
FCUserRun1_873,Logged In Successfully,632
FCUserRun1_874,Logged In Successfully,666
FCUserRun1_875,Logged In Successfully,649
FCUserRun1_876,Logged In Successfully,638
FCUserRun1_877,Logged In Successfully,636
FCUserRun1_878,Logged In Successfully,678
FCUserRun1_879,Logged In Successfully,648
FCUserRun1_880,Logged In Successfully,663
FCUserRun1_881,Logged In Successfully,616
FCUserRun1_882,Logged In Successfully,625
FCUserRun1_883,Logged In Successfully,640
FCUserRun1_884,Logged In Successfully,635
FCUserRun1_885,Logged In Successfully,624
FCUserRun1_886,Logged In Successfully,615
FCUserRun1_887,Logged In Successfully,642
FCUserRun1_888,Logged In Successfully,605
FCUserRun1_889,Logged In Successfully,680
FCUserRun1_890,Logged In Successfully,624
FCUserRun1_891,Logged In Successfully,631
FCUserRun1_892,Logged In Successfully,617
FCUserRun1_893,Logged In Successfully,612
FCUserRun1_894,Logged In Successfully,618
FCUserRun1_895,Logged In Successfully,624
FCUserRun1_896,Logged In Successfully,625
FCUserRun1_897,Logged In Successfully,637
FCUserRun1_898,Logged In Successfully,624
FCUserRun1_899,Logged In Successfully,671
FCUserRun1_900,Logged In Successfully,631
FCUserRun1_901,Logged In Successfully,613
FCUserRun1_902,Logged In Successfully,648
FCUserRun1_903,Logged In Successfully,646
FCUserRun1_904,Logged In Successfully,650
FCUserRun1_905,Logged In Successfully,600
FCUserRun1_906,Logged In Successfully,610
FCUserRun1_907,Logged In Successfully,669
FCUserRun1_908,Logged In Successfully,650
FCUserRun1_909,Logged In Successfully,644
FCUserRun1_910,Logged In Successfully,633
FCUserRun1_911,Logged In Successfully,627
FCUserRun1_912,Logged In Successfully,641
FCUserRun1_913,Logged In Successfully,615
FCUserRun1_914,Logged In Successfully,635
FCUserRun1_915,Logged In Successfully,638
FCUserRun1_916,Logged In Successfully,662
FCUserRun1_917,Logged In Successfully,631
FCUserRun1_918,Logged In Successfully,618
FCUserRun1_919,Logged In Successfully,623
FCUserRun1_920,Logged In Successfully,649
FCUserRun1_921,Logged In Successfully,658
FCUserRun1_922,Logged In Successfully,650
FCUserRun1_923,Logged In Successfully,612
FCUserRun1_924,Logged In Successfully,600
FCUserRun1_925,Logged In Successfully,674
FCUserRun1_926,Logged In Successfully,675
FCUserRun1_927,Logged In Successfully,613
FCUserRun1_928,Logged In Successfully,637
FCUserRun1_929,Logged In Successfully,637
FCUserRun1_930,Logged In Successfully,646
FCUserRun1_931,Logged In Successfully,642
FCUserRun1_932,Logged In Successfully,634
FCUserRun1_933,Logged In Successfully,624
FCUserRun1_934,Logged In Successfully,617
FCUserRun1_935,Logged In Successfully,661
FCUserRun1_936,Logged In Successfully,641
FCUserRun1_937,Logged In Successfully,655
FCUserRun1_938,Logged In Successfully,624
FCUserRun1_939,Logged In Successfully,617
FCUserRun1_940,Logged In Successfully,662
FCUserRun1_941,Logged In Successfully,642
FCUserRun1_942,Logged In Successfully,702
FCUserRun1_943,Logged In Successfully,666
FCUserRun1_944,Logged In Successfully,644
FCUserRun1_945,Logged In Successfully,619
FCUserRun1_946,Logged In Successfully,656
FCUserRun1_947,Logged In Successfully,644
FCUserRun1_948,Logged In Successfully,618
FCUserRun1_949,Logged In Successfully,612
FCUserRun1_950,Logged In Successfully,643
FCUserRun1_951,Logged In Successfully,653
FCUserRun1_952,Logged In Successfully,657
FCUserRun1_953,Logged In Successfully,638
FCUserRun1_954,Logged In Successfully,628
FCUserRun1_955,Logged In Successfully,623
FCUserRun1_956,Logged In Successfully,614
FCUserRun1_957,Logged In Successfully,705
FCUserRun1_958,Logged In Successfully,657
FCUserRun1_959,Logged In Successfully,625
FCUserRun1_960,Logged In Successfully,610
FCUserRun1_961,Logged In Successfully,631
FCUserRun1_962,Logged In Successfully,659
FCUserRun1_963,Logged In Successfully,658
FCUserRun1_964,Logged In Successfully,640
FCUserRun1_965,Logged In Successfully,647
FCUserRun1_966,Logged In Successfully,644
FCUserRun1_967,Logged In Successfully,610
FCUserRun1_968,Logged In Successfully,644
FCUserRun1_969,Logged In Successfully,675
FCUserRun1_970,Logged In Successfully,646
FCUserRun1_971,Logged In Successfully,651
FCUserRun1_972,Logged In Successfully,633
FCUserRun1_973,Logged In Successfully,609
FCUserRun1_974,Logged In Successfully,598
FCUserRun1_975,Logged In Successfully,669
FCUserRun1_976,Logged In Successfully,649
FCUserRun1_977,Logged In Successfully,617
FCUserRun1_978,Logged In Successfully,656
FCUserRun1_979,Logged In Successfully,612
FCUserRun1_980,Logged In Successfully,646
FCUserRun1_981,Logged In Successfully,615
FCUserRun1_982,Logged In Successfully,636
FCUserRun1_983,Logged In Successfully,629
FCUserRun1_984,Logged In Successfully,646
FCUserRun1_985,Logged In Successfully,642
FCUserRun1_986,Logged In Successfully,666
FCUserRun1_987,Logged In Successfully,650
FCUserRun1_988,Logged In Successfully,633
FCUserRun1_989,Logged In Successfully,626
FCUserRun1_990,Logged In Successfully,625
FCUserRun1_991,Logged In Successfully,618
FCUserRun1_992,Logged In Successfully,656
FCUserRun1_993,Logged In Successfully,625
FCUserRun1_994,Logged In Successfully,662
FCUserRun1_995,Logged In Successfully,653
FCUserRun1_996,Logged In Successfully,662
FCUserRun1_997,Logged In Successfully,611
FCUserRun1_998,Logged In Successfully,687
FCUserRun1_999,Logged In Successfully,644
FCUserRun1_1000,Logged In Successfully,680
FCUserRun1_1001,Logged In Successfully,497
FCUserRun1_1002,Logged In Successfully,496
FCUserRun1_1003,Logged In Successfully,497
FCUserRun1_1004,Logged In Successfully,498
FCUserRun1_1005,Logged In Successfully,498
FCUserRun1_1006,Logged In Successfully,496
FCUserRun1_1007,Logged In Successfully,495
FCUserRun1_1008,Logged In Successfully,497
FCUserRun1_1009,Logged In Successfully,498
FCUserRun1_1010,Logged In Successfully,498
FCUserRun1_1011,Logged In Successfully,497
FCUserRun1_1012,Logged In Successfully,497
FCUserRun1_1013,Logged In Successfully,497
FCUserRun1_1014,Logged In Successfully,496
FCUserRun1_1015,Logged In Successfully,497
FCUserRun1_1016,Logged In Successfully,497
FCUserRun1_1017,Logged In Successfully,496
FCUserRun1_1018,Logged In Successfully,496
FCUserRun1_1019,Logged In Successfully,496
FCUserRun1_1020,Logged In Successfully,496
FCUserRun1_1021,Logged In Successfully,496
FCUserRun1_1022,Logged In Successfully,495
FCUserRun1_1023,Logged In Successfully,496
FCUserRun1_1024,Logged In Successfully,496
FCUserRun1_1025,Logged In Successfully,497
FCUserRun1_1026,Logged In Successfully,497
FCUserRun1_1027,Logged In Successfully,495
FCUserRun1_1028,Logged In Successfully,495
FCUserRun1_1029,Logged In Successfully,498
FCUserRun1_1030,Logged In Successfully,496
FCUserRun1_1031,Logged In Successfully,496
FCUserRun1_1032,Logged In Successfully,496
FCUserRun1_1033,Logged In Successfully,496
FCUserRun1_1034,Logged In Successfully,496
FCUserRun1_1035,Logged In Successfully,497
FCUserRun1_1036,Logged In Successfully,495
FCUserRun1_1037,Logged In Successfully,496
FCUserRun1_1038,Logged In Successfully,497
FCUserRun1_1039,Logged In Successfully,496
FCUserRun1_1040,Logged In Successfully,496
FCUserRun1_1041,Logged In Successfully,497
FCUserRun1_1042,Logged In Successfully,495
FCUserRun1_1043,Logged In Successfully,497
FCUserRun1_1044,Logged In Successfully,496
FCUserRun1_1045,Logged In Successfully,496
FCUserRun1_1046,Logged In Successfully,496
FCUserRun1_1047,Logged In Successfully,497
FCUserRun1_1048,Logged In Successfully,497
FCUserRun1_1049,Logged In Successfully,498
FCUserRun1_1050,Logged In Successfully,495
FCUserRun1_1051,Logged In Successfully,498
FCUserRun1_1052,Logged In Successfully,495
FCUserRun1_1053,Logged In Successfully,498
FCUserRun1_1054,Logged In Successfully,496
FCUserRun1_1055,Logged In Successfully,497
FCUserRun1_1056,Logged In Successfully,497
FCUserRun1_1057,Logged In Successfully,496
FCUserRun1_1058,Logged In Successfully,496
FCUserRun1_1059,Logged In Successfully,497
FCUserRun1_1060,Logged In Successfully,494
FCUserRun1_1061,Logged In Successfully,497
FCUserRun1_1062,Logged In Successfully,497
FCUserRun1_1063,Logged In Successfully,495
FCUserRun1_1064,Logged In Successfully,498
FCUserRun1_1065,Logged In Successfully,497
FCUserRun1_1066,Logged In Successfully,498
FCUserRun1_1067,Logged In Successfully,496
FCUserRun1_1068,Logged In Successfully,497
FCUserRun1_1069,Logged In Successfully,496
FCUserRun1_1070,Logged In Successfully,495
FCUserRun1_1071,Logged In Successfully,495
FCUserRun1_1072,Logged In Successfully,498
FCUserRun1_1073,Logged In Successfully,497
FCUserRun1_1074,Logged In Successfully,498
FCUserRun1_1075,Logged In Successfully,496
FCUserRun1_1076,Logged In Successfully,497
FCUserRun1_1077,Logged In Successfully,496
FCUserRun1_1078,Logged In Successfully,496
FCUserRun1_1079,Logged In Successfully,497
FCUserRun1_1080,Logged In Successfully,496
FCUserRun1_1081,Logged In Successfully,496
FCUserRun1_1082,Logged In Successfully,496
FCUserRun1_1083,Logged In Successfully,496
FCUserRun1_1084,Logged In Successfully,496
FCUserRun1_1085,Logged In Successfully,497
FCUserRun1_1086,Logged In Successfully,498
FCUserRun1_1087,Logged In Successfully,496
FCUserRun1_1088,Logged In Successfully,496
FCUserRun1_1089,Logged In Successfully,498
FCUserRun1_1090,Logged In Successfully,496
FCUserRun1_1091,Logged In Successfully,498
FCUserRun1_1092,Logged In Successfully,498
FCUserRun1_1093,Logged In Successfully,498
FCUserRun1_1094,Logged In Successfully,496
FCUserRun1_1095,Logged In Successfully,498
FCUserRun1_1096,Logged In Successfully,498
FCUserRun1_1097,Logged In Successfully,495
FCUserRun1_1098,Logged In Successfully,497
FCUserRun1_1099,Logged In Successfully,494
FCUserRun1_1100,Logged In Successfully,497
FCUserRun1_1101,Logged In Successfully,498
FCUserRun1_1102,Logged In Successfully,497
FCUserRun1_1103,Logged In Successfully,496
FCUserRun1_1104,Logged In Successfully,496
FCUserRun1_1105,Logged In Successfully,496
FCUserRun1_1106,Logged In Successfully,497
FCUserRun1_1107,Logged In Successfully,496
FCUserRun1_1108,Logged In Successfully,496
FCUserRun1_1109,Logged In Successfully,497
FCUserRun1_1110,Logged In Successfully,497
FCUserRun1_1111,Logged In Successfully,498
FCUserRun1_1112,Logged In Successfully,496
FCUserRun1_1113,Logged In Successfully,496
FCUserRun1_1114,Logged In Successfully,496
FCUserRun1_1115,Logged In Successfully,496
FCUserRun1_1116,Logged In Successfully,498
FCUserRun1_1117,Logged In Successfully,497
FCUserRun1_1118,Logged In Successfully,498
FCUserRun1_1119,Logged In Successfully,496
FCUserRun1_1120,Logged In Successfully,496
FCUserRun1_1121,Logged In Successfully,497
FCUserRun1_1122,Logged In Successfully,497
FCUserRun1_1123,Logged In Successfully,497
FCUserRun1_1124,Logged In Successfully,498
FCUserRun1_1125,Logged In Successfully,497
FCUserRun1_1126,Logged In Successfully,497
FCUserRun1_1127,Logged In Successfully,497
FCUserRun1_1128,Logged In Successfully,498
FCUserRun1_1129,Logged In Successfully,498
FCUserRun1_1130,Logged In Successfully,498
FCUserRun1_1131,Logged In Successfully,497
FCUserRun1_1132,Logged In Successfully,497
FCUserRun1_1133,Logged In Successfully,497
FCUserRun1_1134,Logged In Successfully,497
FCUserRun1_1135,Logged In Successfully,498
FCUserRun1_1136,Logged In Successfully,498
FCUserRun1_1137,Logged In Successfully,497
FCUserRun1_1138,Logged In Successfully,498
FCUserRun1_1139,Logged In Successfully,496
FCUserRun1_1140,Logged In Successfully,497
FCUserRun1_1141,Logged In Successfully,496
FCUserRun1_1142,Logged In Successfully,496
FCUserRun1_1143,Logged In Successfully,497
FCUserRun1_1144,Logged In Successfully,497
FCUserRun1_1145,Logged In Successfully,496
FCUserRun1_1146,Logged In Successfully,495
FCUserRun1_1147,Logged In Successfully,498
FCUserRun1_1148,Logged In Successfully,493
FCUserRun1_1149,Logged In Successfully,496
FCUserRun1_1150,Logged In Successfully,498
FCUserRun1_1151,Logged In Successfully,496
FCUserRun1_1152,Logged In Successfully,497
FCUserRun1_1153,Logged In Successfully,496
FCUserRun1_1154,Logged In Successfully,498
FCUserRun1_1155,Logged In Successfully,495
FCUserRun1_1156,Logged In Successfully,497
FCUserRun1_1157,Logged In Successfully,497
FCUserRun1_1158,Logged In Successfully,497
FCUserRun1_1159,Logged In Successfully,496
FCUserRun1_1160,Logged In Successfully,497
FCUserRun1_1161,Logged In Successfully,496
FCUserRun1_1162,Logged In Successfully,498
FCUserRun1_1163,Logged In Successfully,498
FCUserRun1_1164,Logged In Successfully,497
FCUserRun1_1165,Logged In Successfully,496
FCUserRun1_1166,Logged In Successfully,496
FCUserRun1_1167,Logged In Successfully,497
FCUserRun1_1168,Logged In Successfully,495
FCUserRun1_1169,Logged In Successfully,496
FCUserRun1_1170,Logged In Successfully,496
FCUserRun1_1171,Logged In Successfully,497
FCUserRun1_1172,Logged In Successfully,497
FCUserRun1_1173,Logged In Successfully,495
FCUserRun1_1174,Logged In Successfully,497
FCUserRun1_1175,Logged In Successfully,497
FCUserRun1_1176,Logged In Successfully,498
FCUserRun1_1177,Logged In Successfully,494
FCUserRun1_1178,Logged In Successfully,497
FCUserRun1_1179,Logged In Successfully,496
FCUserRun1_1180,Logged In Successfully,494
FCUserRun1_1181,Logged In Successfully,496
FCUserRun1_1182,Logged In Successfully,496
FCUserRun1_1183,Logged In Successfully,496
FCUserRun1_1184,Logged In Successfully,497
FCUserRun1_1185,Logged In Successfully,497
FCUserRun1_1186,Logged In Successfully,495
FCUserRun1_1187,Logged In Successfully,497
FCUserRun1_1188,Logged In Successfully,497
FCUserRun1_1189,Logged In Successfully,497
FCUserRun1_1190,Logged In Successfully,496
FCUserRun1_1191,Logged In Successfully,497
FCUserRun1_1192,Logged In Successfully,498
FCUserRun1_1193,Logged In Successfully,495
FCUserRun1_1194,Logged In Successfully,497
FCUserRun1_1195,Logged In Successfully,495
FCUserRun1_1196,Logged In Successfully,497
FCUserRun1_1197,Logged In Successfully,498
FCUserRun1_1198,Logged In Successfully,498
FCUserRun1_1199,Logged In Successfully,497
FCUserRun1_1200,Logged In Successfully,496
FCUserRun1_1201,Logged In Successfully,497
FCUserRun1_1202,Logged In Successfully,498
FCUserRun1_1203,Logged In Successfully,496
FCUserRun1_1204,Logged In Successfully,497
FCUserRun1_1205,Logged In Successfully,496
FCUserRun1_1206,Logged In Successfully,497
FCUserRun1_1207,Logged In Successfully,497
FCUserRun1_1208,Logged In Successfully,496
FCUserRun1_1209,Logged In Successfully,496
FCUserRun1_1210,Logged In Successfully,497
FCUserRun1_1211,Logged In Successfully,498
FCUserRun1_1212,Logged In Successfully,496
FCUserRun1_1213,Logged In Successfully,497
FCUserRun1_1214,Logged In Successfully,496
FCUserRun1_1215,Logged In Successfully,496
FCUserRun1_1216,Logged In Successfully,497
FCUserRun1_1217,Logged In Successfully,498
FCUserRun1_1218,Logged In Successfully,497
FCUserRun1_1219,Logged In Successfully,498
FCUserRun1_1220,Logged In Successfully,497
FCUserRun1_1221,Logged In Successfully,497
FCUserRun1_1222,Logged In Successfully,495
FCUserRun1_1223,Logged In Successfully,496
FCUserRun1_1224,Logged In Successfully,496
FCUserRun1_1225,Logged In Successfully,498
FCUserRun1_1226,Logged In Successfully,497
FCUserRun1_1227,Logged In Successfully,498
FCUserRun1_1228,Logged In Successfully,497
FCUserRun1_1229,Logged In Successfully,497
FCUserRun1_1230,Logged In Successfully,498
FCUserRun1_1231,Logged In Successfully,496
FCUserRun1_1232,Logged In Successfully,497
FCUserRun1_1233,Logged In Successfully,498
FCUserRun1_1234,Logged In Successfully,499
FCUserRun1_1235,Logged In Successfully,497
FCUserRun1_1236,Logged In Successfully,497
FCUserRun1_1237,Logged In Successfully,498
FCUserRun1_1238,Logged In Successfully,497
FCUserRun1_1239,Logged In Successfully,498
FCUserRun1_1240,Logged In Successfully,497
FCUserRun1_1241,Logged In Successfully,496
FCUserRun1_1242,Logged In Successfully,498
FCUserRun1_1243,Logged In Successfully,497
FCUserRun1_1244,Logged In Successfully,495
FCUserRun1_1245,Logged In Successfully,497
FCUserRun1_1246,Logged In Successfully,498
FCUserRun1_1247,Logged In Successfully,497
FCUserRun1_1248,Logged In Successfully,498
FCUserRun1_1249,Logged In Successfully,498
FCUserRun1_1250,Logged In Successfully,497
FCUserRun1_1251,Logged In Successfully,497
FCUserRun1_1252,Logged In Successfully,498
FCUserRun1_1253,Logged In Successfully,495
FCUserRun1_1254,Logged In Successfully,497
FCUserRun1_1255,Logged In Successfully,496
FCUserRun1_1256,Logged In Successfully,495
FCUserRun1_1257,Logged In Successfully,497
FCUserRun1_1258,Logged In Successfully,497
FCUserRun1_1259,Logged In Successfully,496
FCUserRun1_1260,Logged In Successfully,497
FCUserRun1_1261,Logged In Successfully,496
FCUserRun1_1262,Logged In Successfully,497
FCUserRun1_1263,Logged In Successfully,498
FCUserRun1_1264,Logged In Successfully,497
FCUserRun1_1265,Logged In Successfully,496
FCUserRun1_1266,Logged In Successfully,497
FCUserRun1_1267,Logged In Successfully,497
FCUserRun1_1268,Logged In Successfully,497
FCUserRun1_1269,Logged In Successfully,497
FCUserRun1_1270,Logged In Successfully,497
FCUserRun1_1271,Logged In Successfully,496
FCUserRun1_1272,Logged In Successfully,497
FCUserRun1_1273,Logged In Successfully,497
FCUserRun1_1274,Logged In Successfully,497
FCUserRun1_1275,Logged In Successfully,498
FCUserRun1_1276,Logged In Successfully,499
FCUserRun1_1277,Logged In Successfully,498
FCUserRun1_1278,Logged In Successfully,498
FCUserRun1_1279,Logged In Successfully,498
FCUserRun1_1280,Logged In Successfully,497
FCUserRun1_1281,Logged In Successfully,497
FCUserRun1_1282,Logged In Successfully,499
FCUserRun1_1283,Logged In Successfully,498
FCUserRun1_1284,Logged In Successfully,497
FCUserRun1_1285,Logged In Successfully,499
FCUserRun1_1286,Logged In Successfully,499
FCUserRun1_1287,Logged In Successfully,496
FCUserRun1_1288,Logged In Successfully,497
FCUserRun1_1289,Logged In Successfully,499
FCUserRun1_1290,Logged In Successfully,499
FCUserRun1_1291,Logged In Successfully,497
FCUserRun1_1292,Logged In Successfully,497
FCUserRun1_1293,Logged In Successfully,496
FCUserRun1_1294,Logged In Successfully,497
FCUserRun1_1295,Logged In Successfully,497
FCUserRun1_1296,Logged In Successfully,498
FCUserRun1_1297,Logged In Successfully,498
FCUserRun1_1298,Logged In Successfully,498
FCUserRun1_1299,Logged In Successfully,498
FCUserRun1_1300,Logged In Successfully,497
FCUserRun1_1301,Logged In Successfully,499
FCUserRun1_1302,Logged In Successfully,498
FCUserRun1_1303,Logged In Successfully,498
FCUserRun1_1304,Logged In Successfully,496
FCUserRun1_1305,Logged In Successfully,496
FCUserRun1_1306,Logged In Successfully,497
FCUserRun1_1307,Logged In Successfully,497
FCUserRun1_1308,Logged In Successfully,499
FCUserRun1_1309,Logged In Successfully,496
FCUserRun1_1310,Logged In Successfully,497
FCUserRun1_1311,Logged In Successfully,496
FCUserRun1_1312,Logged In Successfully,497
FCUserRun1_1313,Logged In Successfully,497
FCUserRun1_1314,Logged In Successfully,497
FCUserRun1_1315,Logged In Successfully,499
FCUserRun1_1316,Logged In Successfully,497
FCUserRun1_1317,Logged In Successfully,497
FCUserRun1_1318,Logged In Successfully,497
FCUserRun1_1319,Logged In Successfully,498
FCUserRun1_1320,Logged In Successfully,496
FCUserRun1_1321,Logged In Successfully,498
FCUserRun1_1322,Logged In Successfully,497
FCUserRun1_1323,Logged In Successfully,498
FCUserRun1_1324,Logged In Successfully,497
FCUserRun1_1325,Logged In Successfully,497
FCUserRun1_1326,Logged In Successfully,496
FCUserRun1_1327,Logged In Successfully,499
FCUserRun1_1328,Logged In Successfully,499
FCUserRun1_1329,Logged In Successfully,499
FCUserRun1_1330,Logged In Successfully,496
FCUserRun1_1331,Logged In Successfully,497
FCUserRun1_1332,Logged In Successfully,496
FCUserRun1_1333,Logged In Successfully,497
FCUserRun1_1334,Logged In Successfully,496
FCUserRun1_1335,Logged In Successfully,498
FCUserRun1_1336,Logged In Successfully,497
FCUserRun1_1337,Logged In Successfully,499
FCUserRun1_1338,Logged In Successfully,499
FCUserRun1_1339,Logged In Successfully,498
FCUserRun1_1340,Logged In Successfully,498
FCUserRun1_1341,Logged In Successfully,498
FCUserRun1_1342,Logged In Successfully,498
FCUserRun1_1343,Logged In Successfully,497
FCUserRun1_1344,Logged In Successfully,498
FCUserRun1_1345,Logged In Successfully,499
FCUserRun1_1346,Logged In Successfully,496
FCUserRun1_1347,Logged In Successfully,497
FCUserRun1_1348,Logged In Successfully,499
FCUserRun1_1349,Logged In Successfully,496
FCUserRun1_1350,Logged In Successfully,498
FCUserRun1_1351,Logged In Successfully,499
FCUserRun1_1352,Logged In Successfully,498
FCUserRun1_1353,Logged In Successfully,498
FCUserRun1_1354,Logged In Successfully,497
FCUserRun1_1355,Logged In Successfully,499
FCUserRun1_1356,Logged In Successfully,497
FCUserRun1_1357,Logged In Successfully,496
FCUserRun1_1358,Logged In Successfully,496
FCUserRun1_1359,Logged In Successfully,496
FCUserRun1_1360,Logged In Successfully,497
FCUserRun1_1361,Logged In Successfully,499
FCUserRun1_1362,Logged In Successfully,497
FCUserRun1_1363,Logged In Successfully,498
FCUserRun1_1364,Logged In Successfully,499
FCUserRun1_1365,Logged In Successfully,499
FCUserRun1_1366,Logged In Successfully,499
FCUserRun1_1367,Logged In Successfully,499
FCUserRun1_1368,Logged In Successfully,497
FCUserRun1_1369,Logged In Successfully,499
FCUserRun1_1370,Logged In Successfully,499
FCUserRun1_1371,Logged In Successfully,498
FCUserRun1_1372,Logged In Successfully,497
FCUserRun1_1373,Logged In Successfully,495
FCUserRun1_1374,Logged In Successfully,498
FCUserRun1_1375,Logged In Successfully,498
FCUserRun1_1376,Logged In Successfully,498
FCUserRun1_1377,Logged In Successfully,499
FCUserRun1_1378,Logged In Successfully,497
FCUserRun1_1379,Logged In Successfully,498
FCUserRun1_1380,Logged In Successfully,499
FCUserRun1_1381,Logged In Successfully,495
FCUserRun1_1382,Logged In Successfully,497
FCUserRun1_1383,Logged In Successfully,496
FCUserRun1_1384,Logged In Successfully,499
FCUserRun1_1385,Logged In Successfully,497
FCUserRun1_1386,Logged In Successfully,497
FCUserRun1_1387,Logged In Successfully,497
FCUserRun1_1388,Logged In Successfully,499
FCUserRun1_1389,Logged In Successfully,498
FCUserRun1_1390,Logged In Successfully,495
FCUserRun1_1391,Logged In Successfully,497
FCUserRun1_1392,Logged In Successfully,497
FCUserRun1_1393,Logged In Successfully,497
FCUserRun1_1394,Logged In Successfully,498
FCUserRun1_1395,Logged In Successfully,499
FCUserRun1_1396,Logged In Successfully,497
FCUserRun1_1397,Logged In Successfully,497
FCUserRun1_1398,Logged In Successfully,498
FCUserRun1_1399,Logged In Successfully,495
FCUserRun1_1400,Logged In Successfully,499
FCUserRun1_1401,Logged In Successfully,497
FCUserRun1_1402,Logged In Successfully,497
FCUserRun1_1403,Logged In Successfully,498
FCUserRun1_1404,Logged In Successfully,499
FCUserRun1_1405,Logged In Successfully,498
FCUserRun1_1406,Logged In Successfully,498
FCUserRun1_1407,Logged In Successfully,498
FCUserRun1_1408,Logged In Successfully,498
FCUserRun1_1409,Logged In Successfully,497
FCUserRun1_1410,Logged In Successfully,496
FCUserRun1_1411,Logged In Successfully,496
FCUserRun1_1412,Logged In Successfully,496
FCUserRun1_1413,Logged In Successfully,498
FCUserRun1_1414,Logged In Successfully,498
FCUserRun1_1415,Logged In Successfully,498
FCUserRun1_1416,Logged In Successfully,499
FCUserRun1_1417,Logged In Successfully,499
FCUserRun1_1418,Logged In Successfully,499
FCUserRun1_1419,Logged In Successfully,497
FCUserRun1_1420,Logged In Successfully,497
FCUserRun1_1421,Logged In Successfully,496
FCUserRun1_1422,Logged In Successfully,497
FCUserRun1_1423,Logged In Successfully,498
FCUserRun1_1424,Logged In Successfully,498
FCUserRun1_1425,Logged In Successfully,498
FCUserRun1_1426,Logged In Successfully,498
FCUserRun1_1427,Logged In Successfully,499
FCUserRun1_1428,Logged In Successfully,499
FCUserRun1_1429,Logged In Successfully,498
FCUserRun1_1430,Logged In Successfully,499
FCUserRun1_1431,Logged In Successfully,498
FCUserRun1_1432,Logged In Successfully,499
FCUserRun1_1433,Logged In Successfully,499
FCUserRun1_1434,Logged In Successfully,498
FCUserRun1_1435,Logged In Successfully,497
FCUserRun1_1436,Logged In Successfully,497
FCUserRun1_1437,Logged In Successfully,499
FCUserRun1_1438,Logged In Successfully,499
FCUserRun1_1439,Logged In Successfully,497
FCUserRun1_1440,Logged In Successfully,499
FCUserRun1_1441,Logged In Successfully,496
FCUserRun1_1442,Logged In Successfully,498
FCUserRun1_1443,Logged In Successfully,499
FCUserRun1_1444,Logged In Successfully,497
FCUserRun1_1445,Logged In Successfully,498
FCUserRun1_1446,Logged In Successfully,497
FCUserRun1_1447,Logged In Successfully,498
FCUserRun1_1448,Logged In Successfully,497
FCUserRun1_1449,Logged In Successfully,498
FCUserRun1_1450,Logged In Successfully,499
FCUserRun1_1451,Logged In Successfully,496
FCUserRun1_1452,Logged In Successfully,497
FCUserRun1_1453,Logged In Successfully,498
FCUserRun1_1454,Logged In Successfully,496
FCUserRun1_1455,Logged In Successfully,499
FCUserRun1_1456,Logged In Successfully,499
FCUserRun1_1457,Logged In Successfully,497
FCUserRun1_1458,Logged In Successfully,496
FCUserRun1_1459,Logged In Successfully,498
FCUserRun1_1460,Logged In Successfully,497
FCUserRun1_1461,Logged In Successfully,498
FCUserRun1_1462,Logged In Successfully,498
FCUserRun1_1463,Logged In Successfully,496
FCUserRun1_1464,Logged In Successfully,497
FCUserRun1_1465,Logged In Successfully,499
FCUserRun1_1466,Logged In Successfully,499
FCUserRun1_1467,Logged In Successfully,497
FCUserRun1_1468,Logged In Successfully,498
FCUserRun1_1469,Logged In Successfully,498
FCUserRun1_1470,Logged In Successfully,496
FCUserRun1_1471,Logged In Successfully,499
FCUserRun1_1472,Logged In Successfully,499
FCUserRun1_1473,Logged In Successfully,496
FCUserRun1_1474,Logged In Successfully,499
FCUserRun1_1475,Logged In Successfully,495
FCUserRun1_1476,Logged In Successfully,499
FCUserRun1_1477,Logged In Successfully,498
FCUserRun1_1478,Logged In Successfully,495
FCUserRun1_1479,Logged In Successfully,497
FCUserRun1_1480,Logged In Successfully,498
FCUserRun1_1481,Logged In Successfully,498
FCUserRun1_1482,Logged In Successfully,498
FCUserRun1_1483,Logged In Successfully,498
FCUserRun1_1484,Logged In Successfully,498
FCUserRun1_1485,Logged In Successfully,497
FCUserRun1_1486,Logged In Successfully,499
FCUserRun1_1487,Logged In Successfully,495
FCUserRun1_1488,Logged In Successfully,497
FCUserRun1_1489,Logged In Successfully,497
FCUserRun1_1490,Logged In Successfully,496
FCUserRun1_1491,Logged In Successfully,495
FCUserRun1_1492,Logged In Successfully,496
FCUserRun1_1493,Logged In Successfully,496
FCUserRun1_1494,Logged In Successfully,497
FCUserRun1_1495,Logged In Successfully,496
FCUserRun1_1496,Logged In Successfully,497
FCUserRun1_1497,Logged In Successfully,497
FCUserRun1_1498,Logged In Successfully,499
FCUserRun1_1499,Logged In Successfully,496
FCUserRun1_1500,Logged In Successfully,499
FCUserRun1_5,Logged In Successfully,786.2199999999999
FCUserRun1_1,Logged In Successfully,944.02
FCUserRun1_3,Logged In Successfully,782.14
FCUserRun1_4,Logged In Successfully,779.6199999999999
FCUserRun1_2,Logged In Successfully,781.5799999999998
FCUserRun1_6,Logged In Successfully,772.6599999999999
FCUserRun1_7,Logged In Successfully,774.2399999999999
FCUserRun1_8,Logged In Successfully,758.6399999999999
FCUserRun1_9,Logged In Successfully,798.2399999999999
FCUserRun1_10,Logged In Successfully,762.68
FCUserRun1_11,Logged In Successfully,834.26
FCUserRun1_12,Logged In Successfully,747.6999999999999
FCUserRun1_13,Logged In Successfully,783.2599999999999
FCUserRun1_14,Logged In Successfully,759.68
FCUserRun1_15,Logged In Successfully,789.3399999999999
FCUserRun1_16,Logged In Successfully,777.7199999999999
FCUserRun1_17,Logged In Successfully,788.3199999999999
FCUserRun1_18,Logged In Successfully,768.6999999999999
FCUserRun1_19,Logged In Successfully,772.3199999999999
FCUserRun1_20,Logged In Successfully,756.7199999999999
FCUserRun1_21,NOT_FOUND(message),NOT_FOUND(availablePts)
FCUserRun1_22,NOT_FOUND(message),NOT_FOUND(availablePts)
FCUserRun1_4,Logged In Successfully,779.6199999999999
FCUserRun1_2,Logged In Successfully,781.5799999999998
FCUserRun1_5,Logged In Successfully,786.2199999999999
FCUserRun1_1,Logged In Successfully,944.02
FCUserRun1_3,Logged In Successfully,782.14
FCUserRun1_6,Logged In Successfully,772.6599999999999
FCUserRun1_7,Logged In Successfully,774.2399999999999
FCUserRun1_9,Logged In Successfully,798.2399999999999
FCUserRun1_10,Logged In Successfully,762.68
FCUserRun1_11,Logged In Successfully,834.26
FCUserRun1_8,Logged In Successfully,758.6399999999999
FCUserRun1_12,Logged In Successfully,747.6999999999999
FCUserRun1_13,Logged In Successfully,783.2599999999999
FCUserRun1_14,Logged In Successfully,759.68
FCUserRun1_15,NOT_FOUND(message),NOT_FOUND(availablePts)
FCUserRun1_1,NOT_FOUND(message),NOT_FOUND(availablePts)
FCUserRun1_2,NOT_FOUND(message),NOT_FOUND(availablePts)
FCUserRun1_3,NOT_FOUND(message),NOT_FOUND(availablePts)
FCUserRun1_4,NOT_FOUND(message),NOT_FOUND(availablePts)
FCUserRun1_5,NOT_FOUND(message),NOT_FOUND(availablePts)
FCUserRun1_6,NOT_FOUND(message),NOT_FOUND(availablePts)
FCUserRun1_7,NOT_FOUND(message),NOT_FOUND(availablePts)
FCUserRun1_8,NOT_FOUND(message),NOT_FOUND(availablePts)
FCUserRun1_9,NOT_FOUND(message),NOT_FOUND(availablePts)
FCUserRun1_10,NOT_FOUND(message),NOT_FOUND(availablePts)
FCUserRun1_11,NOT_FOUND(message),NOT_FOUND(availablePts)
FCUserRun1_12,NOT_FOUND(message),NOT_FOUND(availablePts)
FCUserRun1_13,NOT_FOUND(message),NOT_FOUND(availablePts)
FCUserRun1_14,NOT_FOUND(message),NOT_FOUND(availablePts)
FCUserRun1_15,NOT_FOUND(message),NOT_FOUND(availablePts)
FCUserRun1_16,NOT_FOUND(message),NOT_FOUND(availablePts)
FCUserRun1_17,NOT_FOUND(message),NOT_FOUND(availablePts)
FCUserRun1_18,NOT_FOUND(message),NOT_FOUND(availablePts)
FCUserRun1_19,NOT_FOUND(message),NOT_FOUND(availablePts)
FCUserRun1_20,NOT_FOUND(message),NOT_FOUND(availablePts)
FCUserRun1_21,NOT_FOUND(message),NOT_FOUND(availablePts)
FCUserRun1_22,NOT_FOUND(message),NOT_FOUND(availablePts)
FCUserRun1_23,NOT_FOUND(message),NOT_FOUND(availablePts)
FCUserRun1_24,NOT_FOUND(message),NOT_FOUND(availablePts)
FCUserRun1_25,NOT_FOUND(message),NOT_FOUND(availablePts)
FCUserRun1_26,NOT_FOUND(message),NOT_FOUND(availablePts)
FCUserRun1_27,NOT_FOUND(message),NOT_FOUND(availablePts)
FCUserRun1_2,Logged In Successfully,781.5799999999998
FCUserRun1_1,Logged In Successfully,944.02
FCUserRun1_3,Logged In Successfully,782.14
FCUserRun1_4,Logged In Successfully,779.6199999999999
FCUserRun1_5,Logged In Successfully,786.2199999999999
FCUserRun1_6,Logged In Successfully,772.6599999999999
FCUserRun1_7,Logged In Successfully,774.2399999999999
FCUserRun1_8,Logged In Successfully,758.6399999999999
FCUserRun1_1,Logged In Successfully,944.02
FCUserRun1_2,Logged In Successfully,781.5799999999998
FCUserRun1_3,Logged In Successfully,782.14
FCUserRun1_4,Logged In Successfully,779.6199999999999
FCUserRun1_5,Logged In Successfully,786.2199999999999
FCUserRun1_6,Logged In Successfully,772.6599999999999
FCUserRun1_7,Logged In Successfully,774.2399999999999
FCUserRun1_8,Logged In Successfully,758.6399999999999
FCUserRun1_9,Logged In Successfully,798.2399999999999
FCUserRun1_10,Logged In Successfully,762.68
FCUserRun1_11,Logged In Successfully,834.26
FCUserRun1_12,Logged In Successfully,747.6999999999999
FCUserRun1_13,Logged In Successfully,783.2599999999999
FCUserRun1_14,Logged In Successfully,759.68
FCUserRun1_15,Logged In Successfully,789.3399999999999
FCUserRun1_16,Logged In Successfully,777.7199999999999
FCUserRun1_17,Logged In Successfully,788.3199999999999
FCUserRun1_18,Logged In Successfully,768.6999999999999
FCUserRun1_19,Logged In Successfully,772.3199999999999
FCUserRun1_20,Logged In Successfully,756.7199999999999
FCUserRun1_21,Logged In Successfully,737.6999999999999
FCUserRun1_22,Logged In Successfully,768.7199999999999
FCUserRun1_23,Logged In Successfully,764.7199999999999
FCUserRun1_24,Logged In Successfully,756.7399999999999
FCUserRun1_25,Logged In Successfully,745.7399999999999
FCUserRun1_26,Logged In Successfully,766.7399999999999
FCUserRun1_27,Logged In Successfully,781.7399999999999
FCUserRun1_28,Logged In Successfully,805.7399999999999
FCUserRun1_29,Logged In Successfully,751.7799999999999
FCUserRun1_30,Logged In Successfully,733.8
FCUserRun1_31,Logged In Successfully,719.7799999999999
FCUserRun1_32,Logged In Successfully,762.7799999999999
FCUserRun1_33,Logged In Successfully,759.7799999999999
FCUserRun1_34,Logged In Successfully,742.8
FCUserRun1_35,Logged In Successfully,775.8399999999999
FCUserRun1_36,Logged In Successfully,707.8199999999999
FCUserRun1_37,Logged In Successfully,736.8399999999999
FCUserRun1_38,Logged In Successfully,699.8399999999999
FCUserRun1_39,Logged In Successfully,790.8199999999999
FCUserRun1_40,Logged In Successfully,776.8199999999999
FCUserRun1_41,Logged In Successfully,808.8399999999999
FCUserRun1_42,Logged In Successfully,716.8199999999999
FCUserRun1_43,Logged In Successfully,748.8399999999999
FCUserRun1_44,Logged In Successfully,726.8399999999999
FCUserRun1_45,Logged In Successfully,706.8399999999999
FCUserRun1_46,Logged In Successfully,733.8399999999999
FCUserRun1_47,Logged In Successfully,738.8399999999999
FCUserRun1_48,Logged In Successfully,726.8799999999999
FCUserRun1_49,Logged In Successfully,743.8599999999999
FCUserRun1_50,Logged In Successfully,741.8599999999999
FCUserRun1_51,Logged In Successfully,873.8399999999999
FCUserRun1_52,Logged In Successfully,767.8399999999999
FCUserRun1_53,Logged In Successfully,702.9
FCUserRun1_54,Logged In Successfully,700.88
FCUserRun1_55,Logged In Successfully,716.88
FCUserRun1_56,Logged In Successfully,686.88
FCUserRun1_57,Logged In Successfully,790.9
FCUserRun1_58,Logged In Successfully,710.92
FCUserRun1_59,Logged In Successfully,697.9
FCUserRun1_60,Logged In Successfully,715.88
FCUserRun1_61,Logged In Successfully,672.88
FCUserRun1_62,Logged In Successfully,681.9
FCUserRun1_63,Logged In Successfully,732.9
FCUserRun1_64,Logged In Successfully,733.92
FCUserRun1_65,Logged In Successfully,701.9
FCUserRun1_1,Logged In Successfully,944.02
FCUserRun1_2,Logged In Successfully,781.5799999999998
FCUserRun1_3,Logged In Successfully,782.14
FCUserRun1_4,Logged In Successfully,779.6199999999999
FCUserRun1_5,Logged In Successfully,786.2199999999999
FCUserRun1_6,Logged In Successfully,772.6599999999999
FCUserRun1_7,Logged In Successfully,774.2399999999999
FCUserRun1_8,Logged In Successfully,758.6399999999999
FCUserRun1_10,Logged In Successfully,762.68
FCUserRun1_9,Logged In Successfully,798.2399999999999
FCUserRun1_12,Logged In Successfully,747.6999999999999
FCUserRun1_11,Logged In Successfully,834.26
FCUserRun1_13,Logged In Successfully,783.2599999999999
FCUserRun1_14,Logged In Successfully,759.68
FCUserRun1_15,Logged In Successfully,789.3399999999999
FCUserRun1_16,Logged In Successfully,777.7199999999999
FCUserRun1_17,Logged In Successfully,788.3199999999999
FCUserRun1_18,Logged In Successfully,768.6999999999999
FCUserRun1_19,Logged In Successfully,772.3199999999999
FCUserRun1_20,Logged In Successfully,756.7199999999999
FCUserRun1_1,Logged In Successfully,944.02
FCUserRun1_2,Logged In Successfully,781.5799999999998
FCUserRun1_3,Logged In Successfully,782.14
FCUserRun1_4,Logged In Successfully,779.6199999999999
FCUserRun1_5,Logged In Successfully,786.2199999999999
FCUserRun1_6,Logged In Successfully,772.6599999999999
FCUserRun1_7,Logged In Successfully,774.2399999999999
FCUserRun1_8,Logged In Successfully,758.6399999999999
FCUserRun1_9,Logged In Successfully,798.2399999999999
FCUserRun1_10,Logged In Successfully,762.68
FCUserRun1_11,Logged In Successfully,834.26
FCUserRun1_12,Logged In Successfully,747.6999999999999
FCUserRun1_13,Logged In Successfully,783.2599999999999
FCUserRun1_14,Logged In Successfully,759.68
FCUserRun1_15,Logged In Successfully,789.3399999999999
FCUserRun1_16,Logged In Successfully,777.7199999999999
FCUserRun1_17,Logged In Successfully,788.3199999999999
FCUserRun1_18,Logged In Successfully,768.6999999999999
FCUserRun1_19,Logged In Successfully,772.3199999999999
FCUserRun1_20,Logged In Successfully,756.7199999999999
FCUserRun1_21,Logged In Successfully,737.6999999999999
FCUserRun1_22,Logged In Successfully,768.7199999999999
FCUserRun1_23,Logged In Successfully,764.7199999999999
FCUserRun1_24,Logged In Successfully,756.7399999999999
FCUserRun1_25,Logged In Successfully,745.7399999999999
FCUserRun1_26,Logged In Successfully,766.7399999999999
FCUserRun1_27,Logged In Successfully,781.7399999999999
FCUserRun1_28,Logged In Successfully,805.7399999999999
FCUserRun1_29,Logged In Successfully,751.7799999999999
FCUserRun1_30,Logged In Successfully,733.8
FCUserRun1_31,Logged In Successfully,719.7799999999999
FCUserRun1_32,Logged In Successfully,762.7799999999999
FCUserRun1_33,Logged In Successfully,759.7799999999999
FCUserRun1_34,Logged In Successfully,742.8
FCUserRun1_35,Logged In Successfully,775.8399999999999
FCUserRun1_36,Logged In Successfully,707.8199999999999
FCUserRun1_37,Logged In Successfully,736.8399999999999
FCUserRun1_38,Logged In Successfully,699.8399999999999
FCUserRun1_39,Logged In Successfully,790.8199999999999
FCUserRun1_40,Logged In Successfully,776.8199999999999
FCUserRun1_41,Logged In Successfully,808.8399999999999
FCUserRun1_42,Logged In Successfully,716.8199999999999
FCUserRun1_43,Logged In Successfully,748.8399999999999
FCUserRun1_44,Logged In Successfully,726.8399999999999
FCUserRun1_45,Logged In Successfully,706.8399999999999
FCUserRun1_46,Logged In Successfully,733.8399999999999
FCUserRun1_47,Logged In Successfully,738.8399999999999
FCUserRun1_48,Logged In Successfully,726.8799999999999
FCUserRun1_49,Logged In Successfully,743.8599999999999
FCUserRun1_50,Logged In Successfully,741.8599999999999
