FCUserRun1_1,Access Denied: Invalid Token Provided.
FCUserRun1_11,Ok
FCUserRun1_2,Ok
FCUserRun1_3,Ok
FCUserRun1_5,Ok
FCUserRun1_7,Ok
FCUserRun1_6,Ok
FCUserRun1_8,Ok
FCUserRun1_4,Ok
FCUserRun1_9,Ok
FCUserRun1_10,Ok
FCUserRun1_12,Ok
FCUserRun1_13,Ok
FCUserRun1_14,Ok
FCUserRun1_18,Ok
FCUserRun1_16,Ok
FCUserRun1_17,Ok
FCUserRun1_24,Ok
FCUserRun1_19,Ok
FCUserRun1_21,Ok
FCUserRun1_25,Ok
FCUserRun1_20,Ok
FCUserRun1_26,Ok
FCUserRun1_23,Ok
FCUserRun1_22,Ok
FCUserRun1_27,Ok
FCUserRun1_15,Ok
FCUserRun1_28,Ok
FCUserRun1_29,Ok
FCUserRun1_30,Ok
FCUserRun1_31,Ok
FCUserRun1_33,Ok
FCUserRun1_32,Ok
FCUserRun1_34,Ok
FCUserRun1_36,Ok
FCUserRun1_35,Ok
FCUserRun1_38,Ok
FCUserRun1_39,Ok
FCUserRun1_37,Ok
FCUserRun1_40,Ok
FCUserRun1_41,Ok
FCUserRun1_42,Ok
FCUserRun1_43,Ok
FCUserRun1_44,Ok
FCUserRun1_45,Ok
FCUserRun1_47,Ok
FCUserRun1_48,Ok
FCUserRun1_50,Ok
FCUserRun1_46,Ok
FCUserRun1_49,Ok
FCUserRun1_51,Ok
FCUserRun1_53,Ok
FCUserRun1_52,Ok
FCUserRun1_54,Ok
FCUserRun1_56,Ok
FCUserRun1_55,Ok
FCUserRun1_57,Ok
FCUserRun1_58,Ok
FCUserRun1_61,Ok
FCUserRun1_59,Ok
FCUserRun1_62,Ok
FCUserRun1_63,Ok
FCUserRun1_66,Ok
FCUserRun1_60,Ok
FCUserRun1_65,Ok
FCUserRun1_64,Ok
FCUserRun1_67,Ok
FCUserRun1_70,Ok
FCUserRun1_69,Ok
FCUserRun1_68,Ok
FCUserRun1_71,Ok
FCUserRun1_72,Ok
FCUserRun1_73,Ok
FCUserRun1_74,Ok
FCUserRun1_75,Ok
FCUserRun1_76,Ok
FCUserRun1_77,Ok
FCUserRun1_78,Ok
FCUserRun1_79,Ok
FCUserRun1_80,Ok
FCUserRun1_81,Ok
FCUserRun1_82,Ok
FCUserRun1_84,Ok
FCUserRun1_83,Ok
FCUserRun1_85,Ok
FCUserRun1_86,Ok
FCUserRun1_87,Ok
FCUserRun1_88,Ok
FCUserRun1_90,Ok
FCUserRun1_91,Ok
FCUserRun1_93,Ok
FCUserRun1_92,Ok
FCUserRun1_94,Ok
FCUserRun1_95,Ok
FCUserRun1_89,Ok
FCUserRun1_96,Ok
FCUserRun1_97,Ok
FCUserRun1_98,Ok
FCUserRun1_99,Ok
FCUserRun1_100,Ok
FCUserRun1_101,Ok
FCUserRun1_102,Ok
FCUserRun1_103,Ok
FCUserRun1_104,Ok
FCUserRun1_108,Ok
FCUserRun1_111,Ok
FCUserRun1_105,Ok
FCUserRun1_106,Ok
FCUserRun1_112,Ok
FCUserRun1_109,Ok
FCUserRun1_107,Ok
FCUserRun1_110,Ok
FCUserRun1_113,Ok
FCUserRun1_114,Ok
FCUserRun1_115,Ok
FCUserRun1_116,Ok
FCUserRun1_117,Ok
FCUserRun1_118,Ok
FCUserRun1_120,Ok
FCUserRun1_119,Ok
FCUserRun1_121,Ok
FCUserRun1_122,Ok
FCUserRun1_124,Ok
FCUserRun1_123,Ok
FCUserRun1_125,Ok
FCUserRun1_126,Ok
FCUserRun1_127,Ok
FCUserRun1_128,Ok
FCUserRun1_129,Ok
FCUserRun1_130,Ok
FCUserRun1_1,Ok
FCUserRun1_2,Ok
FCUserRun1_3,Ok
FCUserRun1_4,Ok
FCUserRun1_5,Ok
FCUserRun1_6,Ok
FCUserRun1_7,Ok
FCUserRun1_8,Ok
FCUserRun1_9,Ok
FCUserRun1_10,Ok
FCUserRun1_11,Ok
FCUserRun1_12,Ok
FCUserRun1_13,Ok
FCUserRun1_14,Ok
FCUserRun1_15,Ok
FCUserRun1_16,Ok
FCUserRun1_17,Ok
FCUserRun1_18,Ok
FCUserRun1_19,Ok
