FCUserRun1_1,Already Have Deposit Request
FCUserRun1_3,Already Have Deposit Request
FCUserRun1_4,Already Have Deposit Request
FCUserRun1_5,Already Have Deposit Request
FCUserRun1_7,Already Have Deposit Request
FCUserRun1_8,Already Have Deposit Request
FCUserRun1_9,Already Have Deposit Request
FCUserRun1_11,Already Have Deposit Request
FCUserRun1_12,Already Have Deposit Request
FCUserRun1_13,Already Have Deposit Request
FCUserRun1_15,Already Have Deposit Request
FCUserRun1_16,Already Have Deposit Request
FCUserRun1_17,Already Have Deposit Request
FCUserRun1_19,Already Have Deposit Request
FCUserRun1_20,Already Have Deposit Request
FCUserRun1_10,Already Have Deposit Request
FCUserRun1_11,Already Have Deposit Request
FCUserRun1_9,Already Have Deposit Request
FCUserRun1_1,Already Have Deposit Request
FCUserRun1_6,Already Have Deposit Request
FCUserRun1_8,Already Have Deposit Request
FCUserRun1_4,Already Have Deposit Request
FCUserRun1_2,Already Have Deposit Request
FCUserRun1_3,Already Have Deposit Request
FCUserRun1_5,Already Have Deposit Request
FCUserRun1_7,Already Have Deposit Request
FCUserRun1_12,Already Have Deposit Request
FCUserRun1_13,Already Have Deposit Request
FCUserRun1_14,Already Have Deposit Request
FCUserRun1_15,Already Have Deposit Request
FCUserRun1_16,Already Have Deposit Request
FCUserRun1_17,Already Have Deposit Request
FCUserRun1_18,Already Have Deposit Request
FCUserRun1_19,Already Have Deposit Request
FCUserRun1_20,Already Have Deposit Request
FCUserRun1_21,Already Have Deposit Request
FCUserRun1_22,Already Have Deposit Request
FCUserRun1_23,Already Have Deposit Request
FCUserRun1_24,Already Have Deposit Request
FCUserRun1_25,Already Have Deposit Request
FCUserRun1_26,Already Have Deposit Request
FCUserRun1_27,Already Have Deposit Request
FCUserRun1_28,Already Have Deposit Request
FCUserRun1_29,Already Have Deposit Request
FCUserRun1_30,Already Have Deposit Request
FCUserRun1_31,Already Have Deposit Request
FCUserRun1_32,Already Have Deposit Request
FCUserRun1_33,Already Have Deposit Request
FCUserRun1_34,Already Have Deposit Request
FCUserRun1_35,Already Have Deposit Request
FCUserRun1_36,Already Have Deposit Request
FCUserRun1_37,Already Have Deposit Request
FCUserRun1_38,Already Have Deposit Request
FCUserRun1_39,Already Have Deposit Request
FCUserRun1_40,Already Have Deposit Request
FCUserRun1_41,Already Have Deposit Request
FCUserRun1_42,Already Have Deposit Request
FCUserRun1_43,Already Have Deposit Request
FCUserRun1_44,Already Have Deposit Request
FCUserRun1_45,Already Have Deposit Request
FCUserRun1_46,Already Have Deposit Request
FCUserRun1_47,Already Have Deposit Request
FCUserRun1_48,Already Have Deposit Request
FCUserRun1_49,Already Have Deposit Request
FCUserRun1_50,Already Have Deposit Request
FCUserRun1_51,Already Have Deposit Request
FCUserRun1_52,Already Have Deposit Request
FCUserRun1_53,Already Have Deposit Request
FCUserRun1_54,Already Have Deposit Request
FCUserRun1_55,Already Have Deposit Request
FCUserRun1_56,Already Have Deposit Request
FCUserRun1_57,Already Have Deposit Request
FCUserRun1_58,Already Have Deposit Request
FCUserRun1_59,Already Have Deposit Request
FCUserRun1_60,Already Have Deposit Request
FCUserRun1_61,Already Have Deposit Request
FCUserRun1_62,Already Have Deposit Request
FCUserRun1_63,Already Have Deposit Request
FCUserRun1_64,Already Have Deposit Request
FCUserRun1_65,Already Have Deposit Request
FCUserRun1_66,Already Have Deposit Request
FCUserRun1_67,Already Have Deposit Request
FCUserRun1_68,Already Have Deposit Request
FCUserRun1_69,Already Have Deposit Request
FCUserRun1_70,Already Have Deposit Request
FCUserRun1_71,Already Have Deposit Request
FCUserRun1_72,Already Have Deposit Request
FCUserRun1_73,Already Have Deposit Request
FCUserRun1_74,Already Have Deposit Request
FCUserRun1_75,Already Have Deposit Request
FCUserRun1_76,Already Have Deposit Request
FCUserRun1_77,Already Have Deposit Request
FCUserRun1_78,Already Have Deposit Request
FCUserRun1_79,Already Have Deposit Request
FCUserRun1_80,Already Have Deposit Request
FCUserRun1_81,Already Have Deposit Request
FCUserRun1_82,Already Have Deposit Request
FCUserRun1_83,Already Have Deposit Request
FCUserRun1_84,Already Have Deposit Request
FCUserRun1_85,Already Have Deposit Request
FCUserRun1_86,Already Have Deposit Request
FCUserRun1_87,Already Have Deposit Request
FCUserRun1_88,Already Have Deposit Request
FCUserRun1_89,Already Have Deposit Request
FCUserRun1_90,Already Have Deposit Request
FCUserRun1_91,Already Have Deposit Request
FCUserRun1_92,Already Have Deposit Request
FCUserRun1_93,Already Have Deposit Request
FCUserRun1_94,Already Have Deposit Request
FCUserRun1_95,Already Have Deposit Request
FCUserRun1_96,Already Have Deposit Request
FCUserRun1_97,Already Have Deposit Request
FCUserRun1_98,Already Have Deposit Request
FCUserRun1_99,Already Have Deposit Request
FCUserRun1_100,Already Have Deposit Request
FCUserRun1_101,Already Have Deposit Request
FCUserRun1_102,Already Have Deposit Request
FCUserRun1_103,Already Have Deposit Request
FCUserRun1_104,Already Have Deposit Request
FCUserRun1_105,Already Have Deposit Request
FCUserRun1_106,Already Have Deposit Request
FCUserRun1_107,Already Have Deposit Request
FCUserRun1_108,Already Have Deposit Request
FCUserRun1_109,Already Have Deposit Request
FCUserRun1_110,Already Have Deposit Request
FCUserRun1_111,Already Have Deposit Request
FCUserRun1_112,Already Have Deposit Request
FCUserRun1_113,Already Have Deposit Request
FCUserRun1_114,Already Have Deposit Request
FCUserRun1_115,Already Have Deposit Request
FCUserRun1_116,Already Have Deposit Request
FCUserRun1_117,Already Have Deposit Request
FCUserRun1_118,Already Have Deposit Request
FCUserRun1_119,Already Have Deposit Request
FCUserRun1_120,Already Have Deposit Request
FCUserRun1_121,Already Have Deposit Request
FCUserRun1_122,Already Have Deposit Request
FCUserRun1_123,Already Have Deposit Request
FCUserRun1_124,Already Have Deposit Request
FCUserRun1_125,Already Have Deposit Request
FCUserRun1_126,Already Have Deposit Request
FCUserRun1_127,Already Have Deposit Request
FCUserRun1_128,Already Have Deposit Request
FCUserRun1_129,Already Have Deposit Request
FCUserRun1_130,Already Have Deposit Request
FCUserRun1_131,Already Have Deposit Request
FCUserRun1_132,Already Have Deposit Request
FCUserRun1_133,Already Have Deposit Request
FCUserRun1_134,Already Have Deposit Request
FCUserRun1_135,Already Have Deposit Request
FCUserRun1_136,Already Have Deposit Request
FCUserRun1_137,Already Have Deposit Request
FCUserRun1_138,Already Have Deposit Request
FCUserRun1_139,Already Have Deposit Request
FCUserRun1_140,Already Have Deposit Request
FCUserRun1_141,Already Have Deposit Request
FCUserRun1_142,Already Have Deposit Request
FCUserRun1_143,Already Have Deposit Request
FCUserRun1_144,Already Have Deposit Request
FCUserRun1_145,Already Have Deposit Request
FCUserRun1_146,Already Have Deposit Request
FCUserRun1_147,Already Have Deposit Request
FCUserRun1_148,Already Have Deposit Request
FCUserRun1_149,Already Have Deposit Request
FCUserRun1_150,Already Have Deposit Request
FCUserRun1_151,Already Have Deposit Request
FCUserRun1_152,Already Have Deposit Request
FCUserRun1_153,Already Have Deposit Request
FCUserRun1_154,Already Have Deposit Request
FCUserRun1_155,Already Have Deposit Request
FCUserRun1_156,Already Have Deposit Request
FCUserRun1_157,Already Have Deposit Request
FCUserRun1_158,Already Have Deposit Request
FCUserRun1_159,Already Have Deposit Request
FCUserRun1_160,Already Have Deposit Request
FCUserRun1_161,Already Have Deposit Request
FCUserRun1_162,Already Have Deposit Request
FCUserRun1_163,Already Have Deposit Request
FCUserRun1_164,Already Have Deposit Request
FCUserRun1_165,Already Have Deposit Request
FCUserRun1_166,Already Have Deposit Request
FCUserRun1_167,Already Have Deposit Request
FCUserRun1_168,Already Have Deposit Request
FCUserRun1_169,Already Have Deposit Request
FCUserRun1_170,Already Have Deposit Request
FCUserRun1_171,Already Have Deposit Request
FCUserRun1_172,Already Have Deposit Request
FCUserRun1_173,Already Have Deposit Request
FCUserRun1_174,Already Have Deposit Request
FCUserRun1_175,Already Have Deposit Request
FCUserRun1_176,Already Have Deposit Request
FCUserRun1_177,Already Have Deposit Request
FCUserRun1_178,Already Have Deposit Request
FCUserRun1_179,Already Have Deposit Request
FCUserRun1_180,Already Have Deposit Request
FCUserRun1_181,Already Have Deposit Request
FCUserRun1_182,Already Have Deposit Request
FCUserRun1_183,Already Have Deposit Request
FCUserRun1_184,Already Have Deposit Request
FCUserRun1_185,Already Have Deposit Request
FCUserRun1_186,Already Have Deposit Request
FCUserRun1_187,Already Have Deposit Request
FCUserRun1_188,Already Have Deposit Request
FCUserRun1_189,Already Have Deposit Request
FCUserRun1_190,Already Have Deposit Request
FCUserRun1_191,Already Have Deposit Request
FCUserRun1_192,Already Have Deposit Request
FCUserRun1_193,Already Have Deposit Request
FCUserRun1_194,Already Have Deposit Request
FCUserRun1_195,Already Have Deposit Request
FCUserRun1_196,Already Have Deposit Request
FCUserRun1_197,Already Have Deposit Request
FCUserRun1_198,Already Have Deposit Request
FCUserRun1_199,Already Have Deposit Request
FCUserRun1_200,Already Have Deposit Request
FCUserRun1_201,Already Have Deposit Request
FCUserRun1_202,Already Have Deposit Request
FCUserRun1_203,Already Have Deposit Request
FCUserRun1_204,Already Have Deposit Request
FCUserRun1_205,Already Have Deposit Request
FCUserRun1_206,Already Have Deposit Request
FCUserRun1_207,Already Have Deposit Request
FCUserRun1_208,Already Have Deposit Request
FCUserRun1_209,Already Have Deposit Request
FCUserRun1_210,Already Have Deposit Request
FCUserRun1_211,Already Have Deposit Request
FCUserRun1_212,Already Have Deposit Request
FCUserRun1_213,Already Have Deposit Request
FCUserRun1_214,Already Have Deposit Request
FCUserRun1_215,Already Have Deposit Request
FCUserRun1_216,Already Have Deposit Request
FCUserRun1_217,Already Have Deposit Request
FCUserRun1_218,Already Have Deposit Request
FCUserRun1_219,Already Have Deposit Request
FCUserRun1_220,Already Have Deposit Request
FCUserRun1_221,Already Have Deposit Request
FCUserRun1_222,Already Have Deposit Request
FCUserRun1_223,Already Have Deposit Request
FCUserRun1_224,Already Have Deposit Request
FCUserRun1_225,Already Have Deposit Request
FCUserRun1_226,Already Have Deposit Request
FCUserRun1_227,Already Have Deposit Request
FCUserRun1_228,Already Have Deposit Request
FCUserRun1_229,Already Have Deposit Request
FCUserRun1_230,Already Have Deposit Request
FCUserRun1_231,Already Have Deposit Request
FCUserRun1_232,Already Have Deposit Request
FCUserRun1_233,Already Have Deposit Request
FCUserRun1_234,Already Have Deposit Request
FCUserRun1_235,Already Have Deposit Request
FCUserRun1_236,Already Have Deposit Request
FCUserRun1_237,Already Have Deposit Request
FCUserRun1_238,Already Have Deposit Request
FCUserRun1_239,Already Have Deposit Request
FCUserRun1_240,Already Have Deposit Request
FCUserRun1_241,Already Have Deposit Request
FCUserRun1_242,Already Have Deposit Request
FCUserRun1_243,Already Have Deposit Request
FCUserRun1_244,Already Have Deposit Request
FCUserRun1_245,Already Have Deposit Request
FCUserRun1_246,Already Have Deposit Request
FCUserRun1_247,Already Have Deposit Request
FCUserRun1_248,Already Have Deposit Request
FCUserRun1_249,Already Have Deposit Request
FCUserRun1_250,Already Have Deposit Request
FCUserRun1_251,Already Have Deposit Request
FCUserRun1_252,Already Have Deposit Request
FCUserRun1_253,Already Have Deposit Request
FCUserRun1_254,Already Have Deposit Request
FCUserRun1_255,Already Have Deposit Request
FCUserRun1_256,Already Have Deposit Request
FCUserRun1_257,Already Have Deposit Request
FCUserRun1_258,Already Have Deposit Request
FCUserRun1_259,Already Have Deposit Request
FCUserRun1_260,Already Have Deposit Request
FCUserRun1_261,Already Have Deposit Request
FCUserRun1_262,Already Have Deposit Request
FCUserRun1_263,Already Have Deposit Request
FCUserRun1_264,Already Have Deposit Request
FCUserRun1_265,Already Have Deposit Request
FCUserRun1_266,Already Have Deposit Request
FCUserRun1_267,Already Have Deposit Request
FCUserRun1_268,Already Have Deposit Request
FCUserRun1_269,Already Have Deposit Request
FCUserRun1_270,Already Have Deposit Request
FCUserRun1_271,Already Have Deposit Request
FCUserRun1_272,Already Have Deposit Request
FCUserRun1_273,Already Have Deposit Request
FCUserRun1_274,Already Have Deposit Request
FCUserRun1_275,Already Have Deposit Request
FCUserRun1_276,Already Have Deposit Request
FCUserRun1_277,Already Have Deposit Request
FCUserRun1_278,Already Have Deposit Request
FCUserRun1_279,Already Have Deposit Request
FCUserRun1_280,Already Have Deposit Request
FCUserRun1_281,Already Have Deposit Request
FCUserRun1_282,Already Have Deposit Request
FCUserRun1_283,Already Have Deposit Request
FCUserRun1_284,Already Have Deposit Request
FCUserRun1_285,Already Have Deposit Request
FCUserRun1_286,Already Have Deposit Request
FCUserRun1_287,Already Have Deposit Request
FCUserRun1_288,Already Have Deposit Request
FCUserRun1_289,Already Have Deposit Request
FCUserRun1_290,Already Have Deposit Request
FCUserRun1_291,Already Have Deposit Request
FCUserRun1_292,Already Have Deposit Request
FCUserRun1_293,Already Have Deposit Request
FCUserRun1_294,Already Have Deposit Request
FCUserRun1_295,Already Have Deposit Request
FCUserRun1_296,Already Have Deposit Request
FCUserRun1_297,Already Have Deposit Request
FCUserRun1_298,Already Have Deposit Request
FCUserRun1_299,Already Have Deposit Request
FCUserRun1_300,Already Have Deposit Request
FCUserRun1_301,Already Have Deposit Request
FCUserRun1_302,Already Have Deposit Request
FCUserRun1_303,Already Have Deposit Request
FCUserRun1_304,Already Have Deposit Request
FCUserRun1_305,Already Have Deposit Request
FCUserRun1_306,Already Have Deposit Request
FCUserRun1_307,Already Have Deposit Request
FCUserRun1_308,Already Have Deposit Request
FCUserRun1_309,Already Have Deposit Request
FCUserRun1_310,Already Have Deposit Request
FCUserRun1_311,Already Have Deposit Request
FCUserRun1_312,Already Have Deposit Request
FCUserRun1_313,Already Have Deposit Request
FCUserRun1_314,Already Have Deposit Request
FCUserRun1_315,Already Have Deposit Request
FCUserRun1_316,Already Have Deposit Request
FCUserRun1_317,Already Have Deposit Request
FCUserRun1_318,Already Have Deposit Request
FCUserRun1_319,Already Have Deposit Request
FCUserRun1_320,Already Have Deposit Request
FCUserRun1_321,Already Have Deposit Request
FCUserRun1_322,Already Have Deposit Request
FCUserRun1_323,Already Have Deposit Request
FCUserRun1_324,Already Have Deposit Request
FCUserRun1_325,Already Have Deposit Request
FCUserRun1_326,Already Have Deposit Request
FCUserRun1_327,Already Have Deposit Request
FCUserRun1_328,Already Have Deposit Request
FCUserRun1_329,Already Have Deposit Request
FCUserRun1_330,Already Have Deposit Request
FCUserRun1_331,Already Have Deposit Request
FCUserRun1_332,Already Have Deposit Request
FCUserRun1_333,Already Have Deposit Request
FCUserRun1_334,Already Have Deposit Request
FCUserRun1_335,Already Have Deposit Request
FCUserRun1_336,Already Have Deposit Request
FCUserRun1_337,Already Have Deposit Request
FCUserRun1_338,Already Have Deposit Request
FCUserRun1_339,Already Have Deposit Request
FCUserRun1_340,Already Have Deposit Request
FCUserRun1_341,Already Have Deposit Request
FCUserRun1_342,Already Have Deposit Request
FCUserRun1_343,Already Have Deposit Request
FCUserRun1_344,Already Have Deposit Request
FCUserRun1_345,Already Have Deposit Request
FCUserRun1_346,Already Have Deposit Request
FCUserRun1_347,Already Have Deposit Request
FCUserRun1_348,Already Have Deposit Request
FCUserRun1_349,Already Have Deposit Request
FCUserRun1_350,Already Have Deposit Request
FCUserRun1_351,Already Have Deposit Request
FCUserRun1_352,Already Have Deposit Request
FCUserRun1_353,Already Have Deposit Request
FCUserRun1_354,Already Have Deposit Request
FCUserRun1_355,Already Have Deposit Request
FCUserRun1_356,Already Have Deposit Request
FCUserRun1_357,Already Have Deposit Request
FCUserRun1_358,Already Have Deposit Request
FCUserRun1_359,Already Have Deposit Request
FCUserRun1_360,Already Have Deposit Request
FCUserRun1_361,Already Have Deposit Request
FCUserRun1_362,Already Have Deposit Request
FCUserRun1_363,Already Have Deposit Request
FCUserRun1_364,Already Have Deposit Request
FCUserRun1_365,Already Have Deposit Request
FCUserRun1_366,Already Have Deposit Request
FCUserRun1_367,Already Have Deposit Request
FCUserRun1_368,Already Have Deposit Request
FCUserRun1_369,Already Have Deposit Request
FCUserRun1_370,Already Have Deposit Request
FCUserRun1_371,Already Have Deposit Request
FCUserRun1_372,Already Have Deposit Request
FCUserRun1_373,Already Have Deposit Request
FCUserRun1_374,Already Have Deposit Request
FCUserRun1_375,Already Have Deposit Request
FCUserRun1_376,Already Have Deposit Request
FCUserRun1_377,Already Have Deposit Request
FCUserRun1_378,Already Have Deposit Request
FCUserRun1_379,Already Have Deposit Request
FCUserRun1_380,Already Have Deposit Request
FCUserRun1_381,Already Have Deposit Request
FCUserRun1_382,Already Have Deposit Request
FCUserRun1_383,Already Have Deposit Request
FCUserRun1_384,Already Have Deposit Request
FCUserRun1_385,Already Have Deposit Request
FCUserRun1_386,Already Have Deposit Request
FCUserRun1_387,Already Have Deposit Request
FCUserRun1_388,Already Have Deposit Request
FCUserRun1_389,Already Have Deposit Request
FCUserRun1_390,Already Have Deposit Request
FCUserRun1_391,Already Have Deposit Request
FCUserRun1_392,Already Have Deposit Request
FCUserRun1_393,Already Have Deposit Request
FCUserRun1_394,Already Have Deposit Request
FCUserRun1_395,Already Have Deposit Request
FCUserRun1_396,Already Have Deposit Request
FCUserRun1_397,Already Have Deposit Request
FCUserRun1_398,Already Have Deposit Request
FCUserRun1_399,Already Have Deposit Request
FCUserRun1_400,Already Have Deposit Request
FCUserRun1_401,Already Have Deposit Request
FCUserRun1_402,Already Have Deposit Request
FCUserRun1_403,Already Have Deposit Request
FCUserRun1_404,Already Have Deposit Request
FCUserRun1_405,Already Have Deposit Request
FCUserRun1_406,Already Have Deposit Request
FCUserRun1_407,Already Have Deposit Request
FCUserRun1_408,Already Have Deposit Request
FCUserRun1_409,Already Have Deposit Request
FCUserRun1_410,Already Have Deposit Request
FCUserRun1_411,Already Have Deposit Request
FCUserRun1_412,Already Have Deposit Request
FCUserRun1_413,Already Have Deposit Request
FCUserRun1_414,Already Have Deposit Request
FCUserRun1_415,Already Have Deposit Request
FCUserRun1_416,Already Have Deposit Request
FCUserRun1_417,Already Have Deposit Request
FCUserRun1_418,Already Have Deposit Request
FCUserRun1_419,Already Have Deposit Request
FCUserRun1_420,Already Have Deposit Request
FCUserRun1_421,Already Have Deposit Request
FCUserRun1_422,Already Have Deposit Request
FCUserRun1_423,Already Have Deposit Request
FCUserRun1_424,Already Have Deposit Request
FCUserRun1_425,Already Have Deposit Request
FCUserRun1_426,Already Have Deposit Request
FCUserRun1_427,Already Have Deposit Request
FCUserRun1_428,Already Have Deposit Request
FCUserRun1_429,Already Have Deposit Request
FCUserRun1_430,Already Have Deposit Request
FCUserRun1_431,Already Have Deposit Request
FCUserRun1_432,Already Have Deposit Request
FCUserRun1_433,Already Have Deposit Request
FCUserRun1_434,Already Have Deposit Request
FCUserRun1_435,Already Have Deposit Request
FCUserRun1_436,Already Have Deposit Request
FCUserRun1_437,Already Have Deposit Request
FCUserRun1_438,Already Have Deposit Request
FCUserRun1_439,Already Have Deposit Request
FCUserRun1_440,Already Have Deposit Request
FCUserRun1_441,Already Have Deposit Request
FCUserRun1_442,Already Have Deposit Request
FCUserRun1_443,Already Have Deposit Request
FCUserRun1_444,Already Have Deposit Request
FCUserRun1_445,Already Have Deposit Request
FCUserRun1_446,Already Have Deposit Request
FCUserRun1_447,Already Have Deposit Request
FCUserRun1_448,Already Have Deposit Request
FCUserRun1_449,Already Have Deposit Request
FCUserRun1_450,Already Have Deposit Request
FCUserRun1_451,Already Have Deposit Request
FCUserRun1_452,Already Have Deposit Request
FCUserRun1_453,Already Have Deposit Request
FCUserRun1_454,Already Have Deposit Request
FCUserRun1_455,Already Have Deposit Request
FCUserRun1_456,Already Have Deposit Request
FCUserRun1_457,Already Have Deposit Request
FCUserRun1_458,Already Have Deposit Request
FCUserRun1_459,Already Have Deposit Request
FCUserRun1_460,Already Have Deposit Request
FCUserRun1_461,Already Have Deposit Request
FCUserRun1_462,Already Have Deposit Request
FCUserRun1_463,Already Have Deposit Request
FCUserRun1_464,Already Have Deposit Request
FCUserRun1_465,Already Have Deposit Request
FCUserRun1_466,Already Have Deposit Request
FCUserRun1_467,Already Have Deposit Request
FCUserRun1_468,Already Have Deposit Request
FCUserRun1_469,Already Have Deposit Request
FCUserRun1_470,Already Have Deposit Request
FCUserRun1_471,Already Have Deposit Request
FCUserRun1_472,Already Have Deposit Request
FCUserRun1_473,Already Have Deposit Request
FCUserRun1_474,Already Have Deposit Request
FCUserRun1_475,Already Have Deposit Request
FCUserRun1_476,Already Have Deposit Request
FCUserRun1_477,Already Have Deposit Request
FCUserRun1_478,Already Have Deposit Request
FCUserRun1_479,Already Have Deposit Request
FCUserRun1_480,Already Have Deposit Request
FCUserRun1_481,Already Have Deposit Request
FCUserRun1_482,Already Have Deposit Request
FCUserRun1_483,Already Have Deposit Request
FCUserRun1_484,Already Have Deposit Request
FCUserRun1_485,Already Have Deposit Request
FCUserRun1_486,Already Have Deposit Request
FCUserRun1_487,Already Have Deposit Request
FCUserRun1_488,Already Have Deposit Request
FCUserRun1_489,Already Have Deposit Request
FCUserRun1_490,Already Have Deposit Request
FCUserRun1_491,Already Have Deposit Request
FCUserRun1_492,Already Have Deposit Request
FCUserRun1_493,Already Have Deposit Request
FCUserRun1_494,Already Have Deposit Request
FCUserRun1_495,Already Have Deposit Request
FCUserRun1_496,Already Have Deposit Request
FCUserRun1_497,Already Have Deposit Request
FCUserRun1_498,Already Have Deposit Request
FCUserRun1_499,Already Have Deposit Request
FCUserRun1_2,Already Have Deposit Request
FCUserRun1_4,Already Have Deposit Request
FCUserRun1_6,Already Have Deposit Request
FCUserRun1_1,Already Have Deposit Request
FCUserRun1_3,Already Have Deposit Request
FCUserRun1_5,Already Have Deposit Request
FCUserRun1_7,Already Have Deposit Request
FCUserRun1_8,Already Have Deposit Request
FCUserRun1_9,Already Have Deposit Request
FCUserRun1_10,Already Have Deposit Request
FCUserRun1_11,Already Have Deposit Request
FCUserRun1_1,NOT_FOUND(message)
FCUserRun1_1,Already Have Deposit Request
FCUserRun1_2,Already Have Deposit Request
FCUserRun1_3,Already Have Deposit Request
FCUserRun1_4,Already Have Deposit Request
FCUserRun1_5,Already Have Deposit Request
FCUserRun1_6,Already Have Deposit Request
FCUserRun1_7,Already Have Deposit Request
FCUserRun1_8,Already Have Deposit Request
FCUserRun1_9,Already Have Deposit Request
FCUserRun1_10,Already Have Deposit Request
FCUserRun1_11,Already Have Deposit Request
FCUserRun1_12,Already Have Deposit Request
FCUserRun1_13,Already Have Deposit Request
FCUserRun1_14,Already Have Deposit Request
FCUserRun1_15,Already Have Deposit Request
FCUserRun1_16,Already Have Deposit Request
FCUserRun1_17,Already Have Deposit Request
FCUserRun1_18,Already Have Deposit Request
FCUserRun1_19,Already Have Deposit Request
FCUserRun1_20,Already Have Deposit Request
FCUserRun1_21,Already Have Deposit Request
FCUserRun1_22,Already Have Deposit Request
FCUserRun1_23,Already Have Deposit Request
FCUserRun1_24,Already Have Deposit Request
FCUserRun1_25,Already Have Deposit Request
FCUserRun1_26,Already Have Deposit Request
FCUserRun1_27,Already Have Deposit Request
FCUserRun1_28,Already Have Deposit Request
FCUserRun1_29,Already Have Deposit Request
FCUserRun1_30,Already Have Deposit Request
FCUserRun1_31,Already Have Deposit Request
FCUserRun1_32,Already Have Deposit Request
FCUserRun1_33,Already Have Deposit Request
FCUserRun1_34,Already Have Deposit Request
FCUserRun1_35,Already Have Deposit Request
FCUserRun1_36,Already Have Deposit Request
FCUserRun1_37,Already Have Deposit Request
FCUserRun1_38,Already Have Deposit Request
FCUserRun1_39,Already Have Deposit Request
FCUserRun1_40,Already Have Deposit Request
FCUserRun1_41,Already Have Deposit Request
FCUserRun1_42,Already Have Deposit Request
FCUserRun1_43,Already Have Deposit Request
FCUserRun1_44,Already Have Deposit Request
FCUserRun1_45,Already Have Deposit Request
FCUserRun1_46,Already Have Deposit Request
FCUserRun1_47,Already Have Deposit Request
FCUserRun1_48,Already Have Deposit Request
FCUserRun1_49,Already Have Deposit Request
FCUserRun1_50,Already Have Deposit Request
FCUserRun1_51,Already Have Deposit Request
FCUserRun1_52,Already Have Deposit Request
FCUserRun1_53,Already Have Deposit Request
FCUserRun1_54,Already Have Deposit Request
FCUserRun1_55,Already Have Deposit Request
FCUserRun1_56,Already Have Deposit Request
FCUserRun1_57,Already Have Deposit Request
FCUserRun1_58,Already Have Deposit Request
FCUserRun1_59,Already Have Deposit Request
FCUserRun1_60,Already Have Deposit Request
FCUserRun1_61,Already Have Deposit Request
FCUserRun1_1,Already Have Deposit Request
FCUserRun1_2,Already Have Deposit Request
FCUserRun1_3,Already Have Deposit Request
FCUserRun1_4,Already Have Deposit Request
FCUserRun1_5,Already Have Deposit Request
FCUserRun1_6,Already Have Deposit Request
FCUserRun1_7,Already Have Deposit Request
FCUserRun1_8,Already Have Deposit Request
FCUserRun1_10,Already Have Deposit Request
FCUserRun1_9,Already Have Deposit Request
FCUserRun1_12,Already Have Deposit Request
FCUserRun1_11,Already Have Deposit Request
FCUserRun1_13,Already Have Deposit Request
FCUserRun1_14,Already Have Deposit Request
FCUserRun1_15,Already Have Deposit Request
FCUserRun1_2,Already Have Deposit Request
FCUserRun1_1,Already Have Deposit Request
FCUserRun1_3,Already Have Deposit Request
FCUserRun1_4,Already Have Deposit Request
FCUserRun1_5,Already Have Deposit Request
FCUserRun1_6,Already Have Deposit Request
FCUserRun1_7,Already Have Deposit Request
FCUserRun1_8,Already Have Deposit Request
FCUserRun1_9,Already Have Deposit Request
FCUserRun1_10,Already Have Deposit Request
FCUserRun1_11,Already Have Deposit Request
FCUserRun1_12,Already Have Deposit Request
FCUserRun1_13,Already Have Deposit Request
FCUserRun1_14,Already Have Deposit Request
FCUserRun1_15,Already Have Deposit Request
FCUserRun1_16,Already Have Deposit Request
FCUserRun1_17,Already Have Deposit Request
FCUserRun1_18,Already Have Deposit Request
FCUserRun1_19,Already Have Deposit Request
FCUserRun1_20,Already Have Deposit Request
FCUserRun1_21,Already Have Deposit Request
FCUserRun1_22,Already Have Deposit Request
FCUserRun1_23,Already Have Deposit Request
FCUserRun1_24,Already Have Deposit Request
FCUserRun1_25,Already Have Deposit Request
FCUserRun1_26,Already Have Deposit Request
FCUserRun1_27,Already Have Deposit Request
FCUserRun1_28,Already Have Deposit Request
FCUserRun1_29,Already Have Deposit Request
FCUserRun1_30,Already Have Deposit Request
FCUserRun1_31,Already Have Deposit Request
FCUserRun1_32,Already Have Deposit Request
FCUserRun1_33,Already Have Deposit Request
FCUserRun1_34,Already Have Deposit Request
FCUserRun1_35,Already Have Deposit Request
FCUserRun1_36,Already Have Deposit Request
FCUserRun1_37,Already Have Deposit Request
FCUserRun1_38,Already Have Deposit Request
FCUserRun1_39,Already Have Deposit Request
FCUserRun1_40,Already Have Deposit Request
FCUserRun1_41,Already Have Deposit Request
FCUserRun1_42,Already Have Deposit Request
FCUserRun1_43,Already Have Deposit Request
FCUserRun1_44,Already Have Deposit Request
FCUserRun1_45,Already Have Deposit Request
FCUserRun1_46,Already Have Deposit Request
