FCUserRun1_11,Bet Added Successfully
FCUserRun1_3,Bet Added Successfully
FCUserRun1_2,Bet Added Successfully
FCUserRun1_5,Bet Added Successfully
FCUserRun1_7,Bet Added Successfully
FCUserRun1_6,Bet Added Successfully
FCUserRun1_8,Bet Added Successfully
FCUserRun1_10,Bet Added Successfully
FCUserRun1_9,Bet Added Successfully
FCUserRun1_4,Bet Added Successfully
FCUserRun1_12,Bet Added Successfully
FCUserRun1_13,Bet Added Successfully
FCUserRun1_14,Bet Added Successfully
FCUserRun1_18,Bet Added Successfully
FCUserRun1_16,Bet Added Successfully
FCUserRun1_17,Bet Added Successfully
FCUserRun1_24,Bet Added Successfully
FCUserRun1_19,Bet Added Successfully
FCUserRun1_21,Bet Added Successfully
FCUserRun1_25,Bet Added Successfully
FCUserRun1_20,Bet Added Successfully
FCUserRun1_23,Bet Added Successfully
FCUserRun1_26,Bet Added Successfully
FCUserRun1_15,Bet Added Successfully
FCUserRun1_22,Bet Added Successfully
FCUserRun1_27,Bet Added Successfully
FCUserRun1_28,Bet Added Successfully
FCUserRun1_29,Bet Added Successfully
FCUserRun1_30,Bet Added Successfully
FCUserRun1_31,Bet Added Successfully
FCUserRun1_32,Bet Added Successfully
FCUserRun1_33,Bet Added Successfully
FCUserRun1_34,Bet Added Successfully
FCUserRun1_36,Bet Added Successfully
FCUserRun1_35,Bet Added Successfully
FCUserRun1_39,Bet Added Successfully
FCUserRun1_38,Bet Added Successfully
FCUserRun1_37,Bet Added Successfully
FCUserRun1_40,Bet Added Successfully
FCUserRun1_41,Bet Added Successfully
FCUserRun1_43,Bet Added Successfully
FCUserRun1_42,Bet Added Successfully
FCUserRun1_44,Bet Added Successfully
FCUserRun1_45,Bet Added Successfully
FCUserRun1_47,Bet Added Successfully
FCUserRun1_48,Bet Added Successfully
FCUserRun1_46,Bet Added Successfully
FCUserRun1_50,Bet Added Successfully
FCUserRun1_49,Bet Added Successfully
FCUserRun1_51,Bet Added Successfully
FCUserRun1_52,Bet Added Successfully
FCUserRun1_53,Bet Added Successfully
FCUserRun1_54,Bet Added Successfully
FCUserRun1_56,Bet Added Successfully
FCUserRun1_55,Bet Added Successfully
FCUserRun1_57,Bet Added Successfully
FCUserRun1_58,Bet Added Successfully
FCUserRun1_61,Bet Added Successfully
FCUserRun1_59,Bet Added Successfully
FCUserRun1_62,Bet Added Successfully
FCUserRun1_63,Bet Added Successfully
FCUserRun1_60,Bet Added Successfully
FCUserRun1_66,Bet Added Successfully
FCUserRun1_65,Bet Added Successfully
FCUserRun1_64,Bet Added Successfully
FCUserRun1_67,Bet Added Successfully
FCUserRun1_70,Bet Added Successfully
FCUserRun1_69,Bet Added Successfully
FCUserRun1_68,Bet Added Successfully
FCUserRun1_71,Bet Added Successfully
FCUserRun1_72,Bet Added Successfully
FCUserRun1_73,Bet Added Successfully
FCUserRun1_74,Bet Added Successfully
FCUserRun1_75,Bet Added Successfully
FCUserRun1_76,Bet Added Successfully
FCUserRun1_77,Bet Added Successfully
FCUserRun1_78,Bet Added Successfully
FCUserRun1_79,Bet Added Successfully
FCUserRun1_80,Bet Added Successfully
FCUserRun1_81,Bet Added Successfully
FCUserRun1_82,Bet Added Successfully
FCUserRun1_84,Bet Added Successfully
FCUserRun1_83,Bet Added Successfully
FCUserRun1_85,Bet Added Successfully
FCUserRun1_86,Bet Added Successfully
FCUserRun1_87,Bet Added Successfully
FCUserRun1_88,Bet Added Successfully
FCUserRun1_90,Bet Added Successfully
FCUserRun1_91,Bet Added Successfully
FCUserRun1_93,Bet Added Successfully
FCUserRun1_92,Bet Added Successfully
FCUserRun1_94,Bet Added Successfully
FCUserRun1_97,Bet Added Successfully
FCUserRun1_95,Bet Added Successfully
FCUserRun1_96,Bet Added Successfully
FCUserRun1_89,Bet Added Successfully
FCUserRun1_98,Bet Added Successfully
FCUserRun1_99,Bet Added Successfully
FCUserRun1_100,Bet Added Successfully
FCUserRun1_101,Bet Added Successfully
FCUserRun1_102,Bet Added Successfully
FCUserRun1_103,Bet Added Successfully
FCUserRun1_104,Bet Added Successfully
FCUserRun1_108,Bet Added Successfully
FCUserRun1_111,Bet Added Successfully
FCUserRun1_105,Bet Added Successfully
FCUserRun1_106,Bet Added Successfully
FCUserRun1_107,Bet Added Successfully
FCUserRun1_112,Bet Added Successfully
FCUserRun1_109,Bet Added Successfully
FCUserRun1_110,Bet Added Successfully
FCUserRun1_113,Bet Added Successfully
FCUserRun1_114,Bet Added Successfully
FCUserRun1_115,Bet Added Successfully
FCUserRun1_116,Bet Added Successfully
FCUserRun1_117,Bet Added Successfully
FCUserRun1_118,Bet Added Successfully
FCUserRun1_119,Bet Added Successfully
FCUserRun1_120,Bet Added Successfully
FCUserRun1_121,Bet Added Successfully
FCUserRun1_122,Bet Added Successfully
FCUserRun1_124,Bet Added Successfully
FCUserRun1_123,Bet Added Successfully
FCUserRun1_125,Bet Added Successfully
FCUserRun1_126,Bet Added Successfully
FCUserRun1_127,Bet Added Successfully
FCUserRun1_128,Bet Added Successfully
FCUserRun1_129,Bet Added Successfully
FCUserRun1_130,Bet Added Successfully
FCUserRun1_131,Bet Added Successfully
FCUserRun1_132,Bet Added Successfully
FCUserRun1_133,Bet Added Successfully
FCUserRun1_135,Bet Added Successfully
FCUserRun1_134,Bet Added Successfully
FCUserRun1_136,Bet Added Successfully
FCUserRun1_137,Bet Added Successfully
FCUserRun1_138,Bet Added Successfully
FCUserRun1_139,Bet Added Successfully
FCUserRun1_140,Bet Added Successfully
FCUserRun1_141,Bet Added Successfully
FCUserRun1_142,Bet Added Successfully
FCUserRun1_143,Bet Added Successfully
FCUserRun1_145,Bet Added Successfully
FCUserRun1_146,Bet Added Successfully
FCUserRun1_144,Bet Added Successfully
FCUserRun1_147,Bet Added Successfully
FCUserRun1_148,NOT_FOUND(message)
FCUserRun1_149,NOT_FOUND(message)
