FCUserRun1_1,Ok
FCUserRun1_3,Ok
FCUserRun1_4,Ok
FCUserRun1_5,Ok
FCUserRun1_7,NOT_FOUND(message)
FCUserRun1_10,Ok
FCUserRun1_5,Ok
FCUserRun1_7,Ok
FCUserRun1_6,Ok
FCUserRun1_13,Ok
FCUserRun1_14,Ok
FCUserRun1_1,Ok
FCUserRun1_2,Ok
FCUserRun1_11,Ok
FCUserRun1_8,Ok
FCUserRun1_4,Ok
FCUserRun1_9,Ok
FCUserRun1_12,Ok
FCUserRun1_3,Ok
FCUserRun1_15,Ok
FCUserRun1_16,Ok
FCUserRun1_17,Ok
FCUserRun1_18,Ok
FCUserRun1_19,Ok
FCUserRun1_20,Ok
FCUserRun1_21,Ok
FCUserRun1_22,Ok
FCUserRun1_23,Ok
FCUserRun1_24,Ok
FCUserRun1_25,Ok
FCUserRun1_26,Ok
FCUserRun1_27,Ok
FCUserRun1_28,Ok
FCUserRun1_29,Ok
FCUserRun1_30,Ok
FCUserRun1_31,Ok
FCUserRun1_32,Ok
FCUserRun1_33,Ok
FCUserRun1_34,Ok
FCUserRun1_35,Ok
FCUserRun1_36,Ok
FCUserRun1_37,Ok
FCUserRun1_38,Ok
FCUserRun1_39,Ok
FCUserRun1_40,Ok
FCUserRun1_41,Ok
FCUserRun1_42,Ok
FCUserRun1_43,Ok
FCUserRun1_44,Ok
FCUserRun1_45,Ok
FCUserRun1_46,Ok
FCUserRun1_47,Ok
FCUserRun1_48,Ok
FCUserRun1_49,Ok
FCUserRun1_50,Ok
FCUserRun1_51,Ok
FCUserRun1_52,Ok
FCUserRun1_53,Ok
FCUserRun1_54,Ok
FCUserRun1_55,Ok
FCUserRun1_56,Ok
FCUserRun1_57,Ok
FCUserRun1_58,Ok
FCUserRun1_59,Ok
FCUserRun1_60,Ok
FCUserRun1_61,Ok
FCUserRun1_62,Ok
FCUserRun1_63,Ok
FCUserRun1_64,Ok
FCUserRun1_65,Ok
FCUserRun1_66,Ok
FCUserRun1_67,Ok
FCUserRun1_68,Ok
FCUserRun1_69,Ok
FCUserRun1_70,Ok
FCUserRun1_71,Ok
FCUserRun1_72,Ok
FCUserRun1_73,Ok
FCUserRun1_74,Ok
FCUserRun1_75,Ok
FCUserRun1_76,Ok
FCUserRun1_77,Ok
FCUserRun1_78,Ok
FCUserRun1_79,Ok
FCUserRun1_80,Ok
FCUserRun1_81,Ok
FCUserRun1_82,Ok
FCUserRun1_83,Ok
FCUserRun1_84,Ok
FCUserRun1_85,Ok
FCUserRun1_86,Ok
FCUserRun1_87,Ok
FCUserRun1_88,Ok
FCUserRun1_89,Ok
FCUserRun1_90,Ok
FCUserRun1_91,Ok
FCUserRun1_92,Ok
FCUserRun1_93,Ok
FCUserRun1_94,Ok
FCUserRun1_95,Ok
FCUserRun1_96,Ok
FCUserRun1_97,Ok
FCUserRun1_98,Ok
FCUserRun1_99,Ok
FCUserRun1_100,Ok
FCUserRun1_101,Ok
FCUserRun1_102,Ok
FCUserRun1_103,Ok
FCUserRun1_104,Ok
FCUserRun1_105,Ok
FCUserRun1_106,Ok
FCUserRun1_107,Ok
FCUserRun1_108,Ok
FCUserRun1_109,Ok
FCUserRun1_110,Ok
FCUserRun1_111,Ok
FCUserRun1_112,Ok
FCUserRun1_113,Ok
FCUserRun1_114,Ok
FCUserRun1_115,Ok
FCUserRun1_2,Ok
FCUserRun1_4,Ok
FCUserRun1_5,Ok
FCUserRun1_3,Ok
FCUserRun1_116,Ok
FCUserRun1_11,Ok
FCUserRun1_10,Ok
FCUserRun1_13,Ok
FCUserRun1_7,Ok
FCUserRun1_6,Ok
FCUserRun1_1,Ok
FCUserRun1_9,Ok
FCUserRun1_15,Ok
FCUserRun1_8,Ok
FCUserRun1_14,Ok
FCUserRun1_12,Ok
FCUserRun1_117,Ok
FCUserRun1_118,Ok
FCUserRun1_16,Ok
FCUserRun1_17,Ok
FCUserRun1_119,Ok
FCUserRun1_18,Ok
FCUserRun1_120,Ok
FCUserRun1_19,Ok
FCUserRun1_121,Ok
FCUserRun1_122,Ok
FCUserRun1_20,Ok
FCUserRun1_21,Ok
FCUserRun1_123,Ok
FCUserRun1_22,Ok
FCUserRun1_124,Ok
FCUserRun1_23,Ok
FCUserRun1_24,Ok
FCUserRun1_125,Ok
FCUserRun1_126,Ok
FCUserRun1_25,Ok
FCUserRun1_127,Ok
FCUserRun1_26,Ok
FCUserRun1_128,Ok
FCUserRun1_27,Ok
FCUserRun1_129,Ok
FCUserRun1_28,Ok
FCUserRun1_130,Ok
FCUserRun1_29,Ok
FCUserRun1_131,Ok
FCUserRun1_30,Ok
FCUserRun1_132,Ok
FCUserRun1_31,Ok
FCUserRun1_133,Ok
FCUserRun1_134,Ok
FCUserRun1_32,Ok
FCUserRun1_33,Ok
FCUserRun1_135,Ok
FCUserRun1_34,Ok
FCUserRun1_136,Ok
FCUserRun1_35,Ok
FCUserRun1_36,Ok
FCUserRun1_137,Ok
FCUserRun1_138,Ok
FCUserRun1_139,Ok
FCUserRun1_37,Ok
FCUserRun1_38,Ok
FCUserRun1_140,Ok
FCUserRun1_39,Ok
FCUserRun1_141,Ok
FCUserRun1_40,Ok
FCUserRun1_142,Ok
FCUserRun1_41,Ok
FCUserRun1_143,Ok
FCUserRun1_42,Ok
FCUserRun1_144,Ok
FCUserRun1_43,Ok
FCUserRun1_145,Ok
FCUserRun1_44,Ok
FCUserRun1_146,Ok
FCUserRun1_45,Ok
FCUserRun1_147,Ok
FCUserRun1_46,Ok
FCUserRun1_148,Ok
FCUserRun1_47,Ok
FCUserRun1_149,Ok
FCUserRun1_48,Ok
FCUserRun1_150,Ok
FCUserRun1_49,Ok
FCUserRun1_151,Ok
FCUserRun1_50,Ok
FCUserRun1_152,Ok
FCUserRun1_51,Ok
FCUserRun1_153,Ok
FCUserRun1_52,Ok
FCUserRun1_154,Ok
FCUserRun1_53,Ok
FCUserRun1_155,Ok
FCUserRun1_54,Ok
FCUserRun1_156,Ok
FCUserRun1_157,Ok
FCUserRun1_55,Ok
FCUserRun1_56,Ok
FCUserRun1_158,Ok
FCUserRun1_57,Ok
FCUserRun1_159,Ok
FCUserRun1_58,Ok
FCUserRun1_160,Ok
FCUserRun1_59,Ok
FCUserRun1_161,Ok
FCUserRun1_60,Ok
FCUserRun1_162,Ok
FCUserRun1_61,Ok
FCUserRun1_163,Ok
FCUserRun1_62,Ok
FCUserRun1_164,Ok
FCUserRun1_63,Ok
FCUserRun1_64,Ok
FCUserRun1_165,Ok
FCUserRun1_166,Ok
FCUserRun1_65,Ok
FCUserRun1_167,Ok
FCUserRun1_66,Ok
FCUserRun1_67,Ok
FCUserRun1_168,Ok
FCUserRun1_169,Ok
FCUserRun1_68,Ok
FCUserRun1_170,Ok
FCUserRun1_69,Ok
FCUserRun1_171,Ok
FCUserRun1_70,Ok
FCUserRun1_172,Ok
FCUserRun1_71,Ok
FCUserRun1_173,Ok
FCUserRun1_72,Ok
FCUserRun1_174,Ok
FCUserRun1_73,Ok
FCUserRun1_175,Ok
FCUserRun1_74,Ok
FCUserRun1_176,Ok
FCUserRun1_75,Ok
FCUserRun1_177,Ok
FCUserRun1_76,Ok
FCUserRun1_178,Ok
FCUserRun1_77,Ok
FCUserRun1_179,Ok
FCUserRun1_78,Ok
FCUserRun1_180,Ok
FCUserRun1_79,Ok
FCUserRun1_181,Ok
FCUserRun1_80,Ok
FCUserRun1_182,Ok
FCUserRun1_81,Ok
FCUserRun1_82,Ok
FCUserRun1_183,Ok
FCUserRun1_184,Ok
FCUserRun1_83,Ok
FCUserRun1_185,Ok
FCUserRun1_84,Ok
FCUserRun1_85,Ok
FCUserRun1_186,Ok
FCUserRun1_187,Ok
FCUserRun1_86,Ok
FCUserRun1_188,Ok
FCUserRun1_87,Ok
FCUserRun1_189,Ok
FCUserRun1_88,Ok
FCUserRun1_190,Ok
FCUserRun1_89,Ok
FCUserRun1_191,Ok
FCUserRun1_90,Ok
FCUserRun1_192,Ok
FCUserRun1_91,Ok
FCUserRun1_92,Ok
FCUserRun1_193,Ok
FCUserRun1_194,Ok
FCUserRun1_93,Ok
FCUserRun1_195,Ok
FCUserRun1_94,Ok
FCUserRun1_196,Ok
FCUserRun1_95,Ok
FCUserRun1_96,Ok
FCUserRun1_197,Ok
FCUserRun1_198,Ok
FCUserRun1_97,Ok
FCUserRun1_199,Ok
FCUserRun1_98,Ok
FCUserRun1_99,Ok
FCUserRun1_200,Ok
FCUserRun1_201,Ok
FCUserRun1_100,Ok
FCUserRun1_202,Ok
FCUserRun1_101,Ok
FCUserRun1_203,Ok
FCUserRun1_102,Ok
FCUserRun1_204,Ok
FCUserRun1_103,Ok
FCUserRun1_205,Ok
FCUserRun1_104,Ok
FCUserRun1_105,Ok
FCUserRun1_206,Ok
FCUserRun1_207,Ok
FCUserRun1_106,Ok
FCUserRun1_208,Ok
FCUserRun1_107,Ok
FCUserRun1_209,Ok
FCUserRun1_108,Ok
FCUserRun1_210,Ok
FCUserRun1_109,Ok
FCUserRun1_110,Ok
FCUserRun1_211,Ok
FCUserRun1_212,Ok
FCUserRun1_111,Ok
FCUserRun1_213,Ok
FCUserRun1_112,Ok
FCUserRun1_214,Ok
FCUserRun1_113,Ok
FCUserRun1_215,Ok
FCUserRun1_115,Ok
FCUserRun1_114,Ok
FCUserRun1_216,Ok
FCUserRun1_217,Ok
FCUserRun1_5,Ok
FCUserRun1_6,Ok
FCUserRun1_3,Ok
FCUserRun1_4,Ok
FCUserRun1_116,Ok
FCUserRun1_7,Ok
FCUserRun1_1,Ok
FCUserRun1_15,Ok
FCUserRun1_13,Ok
FCUserRun1_11,Ok
FCUserRun1_8,Ok
FCUserRun1_2,Ok
FCUserRun1_10,Ok
FCUserRun1_117,Ok
FCUserRun1_9,Ok
FCUserRun1_12,Ok
FCUserRun1_14,Ok
FCUserRun1_218,Ok
FCUserRun1_219,Ok
FCUserRun1_16,Ok
FCUserRun1_118,Ok
FCUserRun1_17,Ok
FCUserRun1_220,Ok
FCUserRun1_119,Ok
FCUserRun1_18,Ok
FCUserRun1_221,Ok
FCUserRun1_120,Ok
FCUserRun1_19,Ok
FCUserRun1_222,Ok
FCUserRun1_121,Ok
FCUserRun1_223,Ok
FCUserRun1_122,Ok
FCUserRun1_20,Ok
FCUserRun1_21,Ok
FCUserRun1_224,Ok
FCUserRun1_123,Ok
FCUserRun1_22,Ok
FCUserRun1_225,Ok
FCUserRun1_124,Ok
FCUserRun1_226,Ok
FCUserRun1_23,Ok
FCUserRun1_125,Ok
FCUserRun1_24,Ok
FCUserRun1_227,Ok
FCUserRun1_126,Ok
FCUserRun1_228,Ok
FCUserRun1_25,Ok
FCUserRun1_127,Ok
FCUserRun1_26,Ok
FCUserRun1_229,Ok
FCUserRun1_128,Ok
FCUserRun1_27,Ok
FCUserRun1_129,Ok
FCUserRun1_230,Ok
FCUserRun1_28,Ok
FCUserRun1_231,Ok
FCUserRun1_130,Ok
FCUserRun1_232,Ok
FCUserRun1_29,Ok
FCUserRun1_131,Ok
FCUserRun1_30,Ok
FCUserRun1_132,Ok
FCUserRun1_233,Ok
FCUserRun1_31,Ok
FCUserRun1_234,Ok
FCUserRun1_133,Ok
FCUserRun1_235,Ok
FCUserRun1_134,Ok
FCUserRun1_32,Ok
FCUserRun1_33,Ok
FCUserRun1_236,Ok
FCUserRun1_135,Ok
FCUserRun1_34,Ok
FCUserRun1_237,Ok
FCUserRun1_136,Ok
FCUserRun1_238,Ok
FCUserRun1_35,Ok
FCUserRun1_137,Ok
FCUserRun1_36,Ok
FCUserRun1_138,Ok
FCUserRun1_239,Ok
FCUserRun1_240,Ok
FCUserRun1_139,Ok
FCUserRun1_38,Ok
FCUserRun1_37,Ok
FCUserRun1_241,Ok
FCUserRun1_140,Ok
FCUserRun1_39,Ok
FCUserRun1_242,Ok
FCUserRun1_141,Ok
FCUserRun1_40,Ok
FCUserRun1_243,Ok
FCUserRun1_142,Ok
FCUserRun1_41,Ok
FCUserRun1_244,Ok
FCUserRun1_143,Ok
FCUserRun1_42,Ok
FCUserRun1_144,Ok
FCUserRun1_245,Ok
FCUserRun1_43,Ok
FCUserRun1_246,Ok
FCUserRun1_145,Ok
FCUserRun1_146,Ok
FCUserRun1_247,Ok
FCUserRun1_44,Ok
FCUserRun1_45,Ok
FCUserRun1_248,Ok
FCUserRun1_147,Ok
FCUserRun1_46,Ok
FCUserRun1_148,Ok
FCUserRun1_47,Ok
FCUserRun1_249,Ok
FCUserRun1_250,Ok
FCUserRun1_48,Ok
FCUserRun1_149,Ok
FCUserRun1_251,Ok
FCUserRun1_49,Ok
FCUserRun1_150,Ok
FCUserRun1_151,Ok
FCUserRun1_252,Ok
FCUserRun1_50,Ok
FCUserRun1_253,Ok
FCUserRun1_152,Ok
FCUserRun1_254,Ok
FCUserRun1_51,Ok
FCUserRun1_52,Ok
FCUserRun1_153,Ok
FCUserRun1_255,Ok
FCUserRun1_154,Ok
FCUserRun1_53,Ok
FCUserRun1_155,Ok
FCUserRun1_256,Ok
FCUserRun1_257,Ok
FCUserRun1_156,Ok
FCUserRun1_258,Ok
FCUserRun1_54,Ok
FCUserRun1_55,Ok
FCUserRun1_157,Ok
FCUserRun1_56,Ok
FCUserRun1_259,Ok
FCUserRun1_158,Ok
FCUserRun1_57,Ok
FCUserRun1_260,Ok
FCUserRun1_159,Ok
FCUserRun1_58,Ok
FCUserRun1_261,Ok
FCUserRun1_160,Ok
FCUserRun1_59,Ok
FCUserRun1_262,Ok
FCUserRun1_161,Ok
FCUserRun1_263,Ok
FCUserRun1_60,Ok
FCUserRun1_162,Ok
FCUserRun1_61,Ok
FCUserRun1_264,Ok
FCUserRun1_163,Ok
FCUserRun1_62,Ok
FCUserRun1_265,Ok
FCUserRun1_164,Ok
FCUserRun1_266,Ok
FCUserRun1_63,Ok
FCUserRun1_64,Ok
FCUserRun1_165,Ok
FCUserRun1_267,Ok
FCUserRun1_166,Ok
FCUserRun1_268,Ok
FCUserRun1_65,Ok
FCUserRun1_167,Ok
FCUserRun1_66,Ok
FCUserRun1_269,Ok
FCUserRun1_67,Ok
FCUserRun1_168,Ok
FCUserRun1_270,Ok
FCUserRun1_169,Ok
FCUserRun1_170,Ok
FCUserRun1_271,Ok
FCUserRun1_68,Ok
FCUserRun1_69,Ok
FCUserRun1_272,Ok
FCUserRun1_171,Ok
FCUserRun1_172,Ok
FCUserRun1_273,Ok
FCUserRun1_70,Ok
FCUserRun1_71,Ok
FCUserRun1_173,Ok
FCUserRun1_274,Ok
FCUserRun1_275,Ok
FCUserRun1_174,Ok
FCUserRun1_276,Ok
FCUserRun1_72,Ok
FCUserRun1_73,Ok
FCUserRun1_175,Ok
FCUserRun1_176,Ok
FCUserRun1_74,Ok
FCUserRun1_279,Ok
FCUserRun1_178,Ok
FCUserRun1_277,Ok
FCUserRun1_180,Ok
FCUserRun1_78,Ok
FCUserRun1_181,Ok
FCUserRun1_281,Ok
FCUserRun1_79,Ok
FCUserRun1_80,Ok
FCUserRun1_75,Ok
FCUserRun1_280,Ok
FCUserRun1_76,Ok
FCUserRun1_177,Ok
FCUserRun1_278,Ok
FCUserRun1_283,Ok
FCUserRun1_81,Ok
FCUserRun1_179,Ok
FCUserRun1_77,Ok
FCUserRun1_282,Ok
FCUserRun1_182,Ok
FCUserRun1_183,Ok
FCUserRun1_284,Ok
FCUserRun1_82,Ok
FCUserRun1_184,Ok
FCUserRun1_285,Ok
FCUserRun1_286,Ok
FCUserRun1_83,Ok
FCUserRun1_185,Ok
FCUserRun1_287,Ok
FCUserRun1_84,Ok
FCUserRun1_186,Ok
FCUserRun1_85,Ok
FCUserRun1_288,Ok
FCUserRun1_86,Ok
FCUserRun1_187,Ok
FCUserRun1_188,Ok
FCUserRun1_289,Ok
FCUserRun1_87,Ok
FCUserRun1_290,Ok
FCUserRun1_88,Ok
FCUserRun1_189,Ok
FCUserRun1_291,Ok
FCUserRun1_89,Ok
FCUserRun1_190,Ok
FCUserRun1_292,Ok
FCUserRun1_90,Ok
FCUserRun1_191,Ok
FCUserRun1_192,Ok
FCUserRun1_294,Ok
FCUserRun1_91,Ok
FCUserRun1_293,Ok
FCUserRun1_193,Ok
FCUserRun1_295,Ok
FCUserRun1_92,Ok
FCUserRun1_194,Ok
FCUserRun1_93,Ok
FCUserRun1_195,Ok
FCUserRun1_296,Ok
FCUserRun1_94,Ok
FCUserRun1_196,Ok
FCUserRun1_297,Ok
FCUserRun1_298,Ok
FCUserRun1_95,Ok
FCUserRun1_197,Ok
FCUserRun1_96,Ok
FCUserRun1_299,Ok
FCUserRun1_198,Ok
FCUserRun1_300,Ok
FCUserRun1_97,Ok
FCUserRun1_98,Ok
FCUserRun1_199,Ok
FCUserRun1_200,Ok
FCUserRun1_99,Ok
FCUserRun1_301,Ok
FCUserRun1_302,Ok
FCUserRun1_201,Ok
FCUserRun1_303,Ok
FCUserRun1_100,Ok
FCUserRun1_202,Ok
FCUserRun1_101,Ok
FCUserRun1_304,Ok
FCUserRun1_102,Ok
FCUserRun1_203,Ok
FCUserRun1_204,Ok
FCUserRun1_305,Ok
FCUserRun1_103,Ok
FCUserRun1_205,Ok
FCUserRun1_306,Ok
FCUserRun1_104,Ok
FCUserRun1_307,Ok
FCUserRun1_105,Ok
FCUserRun1_206,Ok
FCUserRun1_308,Ok
FCUserRun1_207,Ok
FCUserRun1_106,Ok
FCUserRun1_309,Ok
FCUserRun1_310,Ok
FCUserRun1_107,Ok
FCUserRun1_209,Ok
FCUserRun1_208,Ok
FCUserRun1_210,Ok
FCUserRun1_311,Ok
FCUserRun1_108,Ok
FCUserRun1_109,Ok
FCUserRun1_110,Ok
FCUserRun1_211,Ok
FCUserRun1_312,Ok
FCUserRun1_313,Ok
FCUserRun1_212,Ok
FCUserRun1_314,Ok
FCUserRun1_111,Ok
FCUserRun1_213,Ok
FCUserRun1_112,Ok
FCUserRun1_214,Ok
FCUserRun1_315,Ok
FCUserRun1_113,Ok
FCUserRun1_316,Ok
FCUserRun1_215,Ok
FCUserRun1_317,Ok
FCUserRun1_115,Ok
FCUserRun1_216,Ok
FCUserRun1_114,Ok
FCUserRun1_318,Ok
FCUserRun1_7,Ok
FCUserRun1_5,Ok
FCUserRun1_3,Ok
FCUserRun1_116,Ok
FCUserRun1_8,Ok
FCUserRun1_14,Ok
FCUserRun1_4,Ok
FCUserRun1_13,Ok
FCUserRun1_2,Ok
FCUserRun1_11,Ok
FCUserRun1_9,Ok
FCUserRun1_6,Ok
FCUserRun1_218,Ok
FCUserRun1_10,Ok
FCUserRun1_15,Ok
FCUserRun1_217,Ok
FCUserRun1_12,Ok
FCUserRun1_319,Ok
FCUserRun1_1,Ok
FCUserRun1_117,Ok
FCUserRun1_320,Ok
FCUserRun1_219,Ok
FCUserRun1_16,Ok
FCUserRun1_118,Ok
FCUserRun1_321,Ok
FCUserRun1_17,Ok
FCUserRun1_18,Ok
FCUserRun1_220,Ok
FCUserRun1_322,Ok
FCUserRun1_119,Ok
FCUserRun1_221,Ok
FCUserRun1_120,Ok
FCUserRun1_19,Ok
FCUserRun1_323,Ok
FCUserRun1_222,Ok
FCUserRun1_121,Ok
FCUserRun1_324,Ok
FCUserRun1_122,Ok
FCUserRun1_223,Ok
FCUserRun1_21,Ok
FCUserRun1_20,Ok
FCUserRun1_325,Ok
FCUserRun1_224,Ok
FCUserRun1_123,Ok
FCUserRun1_22,Ok
FCUserRun1_326,Ok
FCUserRun1_225,Ok
FCUserRun1_124,Ok
FCUserRun1_327,Ok
FCUserRun1_226,Ok
FCUserRun1_24,Ok
FCUserRun1_328,Ok
FCUserRun1_23,Ok
FCUserRun1_227,Ok
FCUserRun1_125,Ok
FCUserRun1_329,Ok
FCUserRun1_126,Ok
FCUserRun1_228,Ok
FCUserRun1_127,Ok
FCUserRun1_25,Ok
FCUserRun1_330,Ok
FCUserRun1_26,Ok
FCUserRun1_229,Ok
FCUserRun1_128,Ok
FCUserRun1_129,Ok
FCUserRun1_331,Ok
FCUserRun1_27,Ok
FCUserRun1_230,Ok
FCUserRun1_28,Ok
FCUserRun1_332,Ok
FCUserRun1_231,Ok
FCUserRun1_130,Ok
FCUserRun1_29,Ok
FCUserRun1_333,Ok
FCUserRun1_232,Ok
FCUserRun1_131,Ok
FCUserRun1_334,Ok
FCUserRun1_30,Ok
FCUserRun1_132,Ok
FCUserRun1_233,Ok
FCUserRun1_31,Ok
FCUserRun1_335,Ok
FCUserRun1_234,Ok
FCUserRun1_336,Ok
FCUserRun1_133,Ok
FCUserRun1_32,Ok
FCUserRun1_235,Ok
FCUserRun1_134,Ok
FCUserRun1_135,Ok
FCUserRun1_337,Ok
FCUserRun1_33,Ok
FCUserRun1_236,Ok
FCUserRun1_34,Ok
FCUserRun1_338,Ok
FCUserRun1_237,Ok
FCUserRun1_136,Ok
FCUserRun1_339,Ok
FCUserRun1_238,Ok
FCUserRun1_35,Ok
FCUserRun1_137,Ok
FCUserRun1_36,Ok
FCUserRun1_239,Ok
FCUserRun1_340,Ok
FCUserRun1_138,Ok
FCUserRun1_341,Ok
FCUserRun1_240,Ok
FCUserRun1_342,Ok
FCUserRun1_139,Ok
FCUserRun1_241,Ok
FCUserRun1_37,Ok
FCUserRun1_38,Ok
FCUserRun1_343,Ok
FCUserRun1_140,Ok
FCUserRun1_39,Ok
FCUserRun1_242,Ok
FCUserRun1_141,Ok
FCUserRun1_344,Ok
FCUserRun1_243,Ok
FCUserRun1_40,Ok
FCUserRun1_41,Ok
FCUserRun1_345,Ok
FCUserRun1_142,Ok
FCUserRun1_244,Ok
FCUserRun1_346,Ok
FCUserRun1_143,Ok
FCUserRun1_42,Ok
FCUserRun1_144,Ok
FCUserRun1_245,Ok
FCUserRun1_43,Ok
FCUserRun1_347,Ok
FCUserRun1_246,Ok
FCUserRun1_145,Ok
FCUserRun1_348,Ok
FCUserRun1_146,Ok
FCUserRun1_247,Ok
FCUserRun1_44,Ok
FCUserRun1_349,Ok
FCUserRun1_45,Ok
FCUserRun1_147,Ok
FCUserRun1_46,Ok
FCUserRun1_248,Ok
FCUserRun1_350,Ok
FCUserRun1_148,Ok
FCUserRun1_47,Ok
FCUserRun1_249,Ok
FCUserRun1_351,Ok
FCUserRun1_48,Ok
FCUserRun1_250,Ok
FCUserRun1_149,Ok
FCUserRun1_352,Ok
FCUserRun1_150,Ok
FCUserRun1_151,Ok
FCUserRun1_251,Ok
FCUserRun1_49,Ok
FCUserRun1_353,Ok
FCUserRun1_252,Ok
FCUserRun1_50,Ok
FCUserRun1_354,Ok
FCUserRun1_253,Ok
FCUserRun1_152,Ok
FCUserRun1_355,Ok
FCUserRun1_254,Ok
FCUserRun1_51,Ok
FCUserRun1_356,Ok
FCUserRun1_52,Ok
FCUserRun1_255,Ok
FCUserRun1_153,Ok
FCUserRun1_154,Ok
FCUserRun1_357,Ok
FCUserRun1_53,Ok
FCUserRun1_358,Ok
FCUserRun1_155,Ok
FCUserRun1_257,Ok
FCUserRun1_256,Ok
FCUserRun1_359,Ok
FCUserRun1_54,Ok
FCUserRun1_156,Ok
FCUserRun1_360,Ok
FCUserRun1_258,Ok
FCUserRun1_361,Ok
FCUserRun1_55,Ok
FCUserRun1_362,Ok
FCUserRun1_260,Ok
FCUserRun1_57,Ok
FCUserRun1_158,Ok
FCUserRun1_363,Ok
FCUserRun1_159,Ok
FCUserRun1_58,Ok
FCUserRun1_157,Ok
FCUserRun1_364,Ok
FCUserRun1_56,Ok
FCUserRun1_259,Ok
FCUserRun1_261,Ok
FCUserRun1_262,Ok
FCUserRun1_365,Ok
FCUserRun1_161,Ok
FCUserRun1_263,Ok
FCUserRun1_264,Ok
FCUserRun1_366,Ok
FCUserRun1_60,Ok
FCUserRun1_164,Ok
FCUserRun1_163,Ok
FCUserRun1_62,Ok
FCUserRun1_367,Ok
FCUserRun1_265,Ok
FCUserRun1_160,Ok
FCUserRun1_63,Ok
FCUserRun1_59,Ok
FCUserRun1_61,Ok
FCUserRun1_162,Ok
FCUserRun1_368,Ok
FCUserRun1_64,Ok
FCUserRun1_266,Ok
FCUserRun1_165,Ok
FCUserRun1_267,Ok
FCUserRun1_369,Ok
FCUserRun1_166,Ok
FCUserRun1_167,Ok
FCUserRun1_66,Ok
FCUserRun1_268,Ok
FCUserRun1_65,Ok
FCUserRun1_67,Ok
FCUserRun1_168,Ok
FCUserRun1_370,Ok
FCUserRun1_371,Ok
FCUserRun1_269,Ok
FCUserRun1_270,Ok
FCUserRun1_169,Ok
FCUserRun1_372,Ok
FCUserRun1_170,Ok
FCUserRun1_271,Ok
FCUserRun1_68,Ok
FCUserRun1_69,Ok
FCUserRun1_373,Ok
FCUserRun1_171,Ok
FCUserRun1_272,Ok
FCUserRun1_374,Ok
FCUserRun1_375,Ok
FCUserRun1_172,Ok
FCUserRun1_376,Ok
FCUserRun1_273,Ok
FCUserRun1_70,Ok
FCUserRun1_377,Ok
FCUserRun1_71,Ok
FCUserRun1_378,Ok
FCUserRun1_274,Ok
FCUserRun1_275,Ok
FCUserRun1_379,Ok
FCUserRun1_173,Ok
FCUserRun1_380,Ok
FCUserRun1_174,Ok
FCUserRun1_381,Ok
FCUserRun1_276,Ok
FCUserRun1_382,Ok
FCUserRun1_176,Ok
FCUserRun1_72,Ok
FCUserRun1_74,Ok
FCUserRun1_175,Ok
FCUserRun1_73,Ok
FCUserRun1_178,Ok
FCUserRun1_277,Ok
FCUserRun1_279,Ok
FCUserRun1_383,Ok
FCUserRun1_281,Ok
FCUserRun1_181,Ok
FCUserRun1_384,Ok
FCUserRun1_80,Ok
FCUserRun1_78,Ok
FCUserRun1_79,Ok
FCUserRun1_180,Ok
FCUserRun1_177,Ok
FCUserRun1_76,Ok
FCUserRun1_75,Ok
FCUserRun1_283,Ok
FCUserRun1_280,Ok
FCUserRun1_81,Ok
FCUserRun1_77,Ok
FCUserRun1_278,Ok
FCUserRun1_179,Ok
FCUserRun1_385,Ok
FCUserRun1_282,Ok
FCUserRun1_182,Ok
FCUserRun1_183,Ok
FCUserRun1_386,Ok
FCUserRun1_284,Ok
FCUserRun1_82,Ok
FCUserRun1_285,Ok
FCUserRun1_184,Ok
FCUserRun1_387,Ok
FCUserRun1_83,Ok
FCUserRun1_286,Ok
FCUserRun1_185,Ok
FCUserRun1_388,Ok
FCUserRun1_287,Ok
FCUserRun1_84,Ok
FCUserRun1_186,Ok
FCUserRun1_85,Ok
FCUserRun1_389,Ok
FCUserRun1_288,Ok
FCUserRun1_187,Ok
FCUserRun1_188,Ok
FCUserRun1_86,Ok
FCUserRun1_390,Ok
FCUserRun1_289,Ok
FCUserRun1_391,Ok
FCUserRun1_87,Ok
FCUserRun1_290,Ok
FCUserRun1_88,Ok
FCUserRun1_189,Ok
FCUserRun1_291,Ok
FCUserRun1_392,Ok
FCUserRun1_89,Ok
FCUserRun1_190,Ok
FCUserRun1_393,Ok
FCUserRun1_292,Ok
FCUserRun1_191,Ok
FCUserRun1_394,Ok
FCUserRun1_90,Ok
FCUserRun1_395,Ok
FCUserRun1_192,Ok
FCUserRun1_294,Ok
FCUserRun1_293,Ok
FCUserRun1_91,Ok
FCUserRun1_92,Ok
FCUserRun1_396,Ok
FCUserRun1_193,Ok
FCUserRun1_295,Ok
FCUserRun1_93,Ok
FCUserRun1_194,Ok
FCUserRun1_397,Ok
FCUserRun1_296,Ok
FCUserRun1_195,Ok
FCUserRun1_398,Ok
FCUserRun1_94,Ok
FCUserRun1_297,Ok
FCUserRun1_196,Ok
FCUserRun1_399,Ok
FCUserRun1_95,Ok
FCUserRun1_197,Ok
FCUserRun1_400,Ok
FCUserRun1_299,Ok
FCUserRun1_96,Ok
FCUserRun1_198,Ok
FCUserRun1_298,Ok
FCUserRun1_401,Ok
FCUserRun1_97,Ok
FCUserRun1_300,Ok
FCUserRun1_98,Ok
FCUserRun1_199,Ok
FCUserRun1_402,Ok
FCUserRun1_99,Ok
FCUserRun1_200,Ok
FCUserRun1_301,Ok
FCUserRun1_403,Ok
FCUserRun1_302,Ok
FCUserRun1_201,Ok
FCUserRun1_404,Ok
FCUserRun1_101,Ok
FCUserRun1_303,Ok
FCUserRun1_100,Ok
FCUserRun1_202,Ok
FCUserRun1_304,Ok
FCUserRun1_102,Ok
FCUserRun1_405,Ok
FCUserRun1_203,Ok
FCUserRun1_406,Ok
FCUserRun1_103,Ok
FCUserRun1_305,Ok
FCUserRun1_204,Ok
FCUserRun1_205,Ok
FCUserRun1_407,Ok
FCUserRun1_306,Ok
FCUserRun1_104,Ok
FCUserRun1_408,Ok
FCUserRun1_307,Ok
FCUserRun1_105,Ok
FCUserRun1_206,Ok
FCUserRun1_409,Ok
FCUserRun1_207,Ok
FCUserRun1_308,Ok
FCUserRun1_106,Ok
FCUserRun1_410,Ok
FCUserRun1_309,Ok
FCUserRun1_411,Ok
FCUserRun1_310,Ok
FCUserRun1_209,Ok
FCUserRun1_107,Ok
FCUserRun1_208,Ok
FCUserRun1_412,Ok
FCUserRun1_210,Ok
FCUserRun1_108,Ok
FCUserRun1_311,Ok
FCUserRun1_413,Ok
FCUserRun1_109,Ok
FCUserRun1_110,Ok
FCUserRun1_211,Ok
FCUserRun1_312,Ok
FCUserRun1_414,Ok
FCUserRun1_313,Ok
FCUserRun1_212,Ok
FCUserRun1_415,Ok
FCUserRun1_213,Ok
FCUserRun1_314,Ok
FCUserRun1_111,Ok
FCUserRun1_112,Ok
FCUserRun1_416,Ok
FCUserRun1_315,Ok
FCUserRun1_214,Ok
FCUserRun1_417,Ok
FCUserRun1_316,Ok
FCUserRun1_113,Ok
FCUserRun1_215,Ok
FCUserRun1_418,Ok
FCUserRun1_115,Ok
FCUserRun1_114,Ok
FCUserRun1_216,Ok
FCUserRun1_317,Ok
FCUserRun1_419,Ok
FCUserRun1_318,Ok
FCUserRun1_7,Ok
FCUserRun1_5,Ok
FCUserRun1_3,Ok
FCUserRun1_420,Ok
FCUserRun1_8,Ok
FCUserRun1_116,Ok
FCUserRun1_14,Ok
FCUserRun1_13,Ok
FCUserRun1_4,Ok
FCUserRun1_2,Ok
FCUserRun1_9,Ok
FCUserRun1_6,Ok
FCUserRun1_11,Ok
FCUserRun1_217,Ok
FCUserRun1_10,Ok
FCUserRun1_15,Ok
FCUserRun1_1,Ok
FCUserRun1_218,Ok
FCUserRun1_12,Ok
FCUserRun1_421,Ok
FCUserRun1_319,Ok
FCUserRun1_117,Ok
FCUserRun1_320,Ok
FCUserRun1_219,Ok
FCUserRun1_16,Ok
FCUserRun1_17,Ok
FCUserRun1_321,Ok
FCUserRun1_422,Ok
FCUserRun1_118,Ok
FCUserRun1_423,Ok
FCUserRun1_220,Ok
FCUserRun1_119,Ok
FCUserRun1_18,Ok
FCUserRun1_322,Ok
FCUserRun1_221,Ok
FCUserRun1_120,Ok
FCUserRun1_424,Ok
FCUserRun1_19,Ok
FCUserRun1_121,Ok
FCUserRun1_323,Ok
FCUserRun1_425,Ok
FCUserRun1_222,Ok
FCUserRun1_324,Ok
FCUserRun1_20,Ok
FCUserRun1_122,Ok
FCUserRun1_223,Ok
FCUserRun1_426,Ok
FCUserRun1_21,Ok
FCUserRun1_224,Ok
FCUserRun1_325,Ok
FCUserRun1_123,Ok
FCUserRun1_427,Ok
FCUserRun1_22,Ok
FCUserRun1_326,Ok
FCUserRun1_225,Ok
FCUserRun1_428,Ok
FCUserRun1_124,Ok
FCUserRun1_429,Ok
FCUserRun1_226,Ok
FCUserRun1_327,Ok
FCUserRun1_328,Ok
FCUserRun1_24,Ok
FCUserRun1_227,Ok
FCUserRun1_23,Ok
FCUserRun1_125,Ok
FCUserRun1_430,Ok
FCUserRun1_329,Ok
FCUserRun1_126,Ok
FCUserRun1_431,Ok
FCUserRun1_330,Ok
FCUserRun1_127,Ok
FCUserRun1_26,Ok
FCUserRun1_228,Ok
FCUserRun1_25,Ok
FCUserRun1_229,Ok
FCUserRun1_432,Ok
FCUserRun1_128,Ok
FCUserRun1_27,Ok
FCUserRun1_331,Ok
FCUserRun1_129,Ok
FCUserRun1_433,Ok
FCUserRun1_230,Ok
FCUserRun1_332,Ok
FCUserRun1_28,Ok
FCUserRun1_231,Ok
FCUserRun1_434,Ok
FCUserRun1_130,Ok
FCUserRun1_29,Ok
FCUserRun1_232,Ok
FCUserRun1_333,Ok
FCUserRun1_435,Ok
FCUserRun1_131,Ok
FCUserRun1_30,Ok
FCUserRun1_334,Ok
FCUserRun1_132,Ok
FCUserRun1_233,Ok
FCUserRun1_436,Ok
FCUserRun1_31,Ok
FCUserRun1_234,Ok
FCUserRun1_335,Ok
FCUserRun1_437,Ok
FCUserRun1_336,Ok
FCUserRun1_235,Ok
FCUserRun1_134,Ok
FCUserRun1_438,Ok
FCUserRun1_32,Ok
FCUserRun1_135,Ok
FCUserRun1_133,Ok
FCUserRun1_33,Ok
FCUserRun1_337,Ok
FCUserRun1_236,Ok
FCUserRun1_439,Ok
FCUserRun1_338,Ok
FCUserRun1_34,Ok
FCUserRun1_237,Ok
FCUserRun1_136,Ok
FCUserRun1_440,Ok
FCUserRun1_339,Ok
FCUserRun1_238,Ok
FCUserRun1_441,Ok
FCUserRun1_137,Ok
FCUserRun1_35,Ok
FCUserRun1_239,Ok
FCUserRun1_36,Ok
FCUserRun1_340,Ok
FCUserRun1_442,Ok
FCUserRun1_240,Ok
FCUserRun1_138,Ok
FCUserRun1_341,Ok
FCUserRun1_443,Ok
FCUserRun1_241,Ok
FCUserRun1_342,Ok
FCUserRun1_139,Ok
FCUserRun1_38,Ok
FCUserRun1_37,Ok
FCUserRun1_444,Ok
FCUserRun1_343,Ok
FCUserRun1_39,Ok
FCUserRun1_140,Ok
FCUserRun1_40,Ok
FCUserRun1_445,Ok
FCUserRun1_242,Ok
FCUserRun1_344,Ok
FCUserRun1_141,Ok
FCUserRun1_243,Ok
FCUserRun1_41,Ok
FCUserRun1_446,Ok
FCUserRun1_142,Ok
FCUserRun1_345,Ok
FCUserRun1_143,Ok
FCUserRun1_346,Ok
FCUserRun1_244,Ok
FCUserRun1_447,Ok
FCUserRun1_42,Ok
FCUserRun1_245,Ok
FCUserRun1_347,Ok
FCUserRun1_448,Ok
FCUserRun1_43,Ok
FCUserRun1_144,Ok
FCUserRun1_246,Ok
FCUserRun1_145,Ok
FCUserRun1_146,Ok
FCUserRun1_348,Ok
FCUserRun1_449,Ok
FCUserRun1_247,Ok
FCUserRun1_349,Ok
FCUserRun1_44,Ok
FCUserRun1_450,Ok
FCUserRun1_45,Ok
FCUserRun1_147,Ok
FCUserRun1_46,Ok
FCUserRun1_451,Ok
FCUserRun1_350,Ok
FCUserRun1_148,Ok
FCUserRun1_248,Ok
FCUserRun1_249,Ok
FCUserRun1_47,Ok
FCUserRun1_452,Ok
FCUserRun1_351,Ok
FCUserRun1_48,Ok
FCUserRun1_250,Ok
FCUserRun1_149,Ok
FCUserRun1_453,Ok
FCUserRun1_352,Ok
FCUserRun1_150,Ok
FCUserRun1_151,Ok
FCUserRun1_454,Ok
FCUserRun1_49,Ok
FCUserRun1_353,Ok
FCUserRun1_252,Ok
FCUserRun1_455,Ok
FCUserRun1_251,Ok
FCUserRun1_50,Ok
FCUserRun1_354,Ok
FCUserRun1_253,Ok
FCUserRun1_456,Ok
FCUserRun1_355,Ok
FCUserRun1_152,Ok
FCUserRun1_51,Ok
FCUserRun1_254,Ok
FCUserRun1_457,Ok
FCUserRun1_356,Ok
FCUserRun1_458,Ok
FCUserRun1_153,Ok
FCUserRun1_154,Ok
FCUserRun1_255,Ok
FCUserRun1_52,Ok
FCUserRun1_357,Ok
FCUserRun1_53,Ok
FCUserRun1_459,Ok
FCUserRun1_358,Ok
FCUserRun1_155,Ok
FCUserRun1_257,Ok
FCUserRun1_256,Ok
FCUserRun1_460,Ok
FCUserRun1_359,Ok
FCUserRun1_461,Ok
FCUserRun1_156,Ok
FCUserRun1_54,Ok
FCUserRun1_360,Ok
FCUserRun1_258,Ok
FCUserRun1_462,Ok
FCUserRun1_361,Ok
FCUserRun1_55,Ok
FCUserRun1_463,Ok
FCUserRun1_260,Ok
FCUserRun1_57,Ok
FCUserRun1_362,Ok
FCUserRun1_158,Ok
FCUserRun1_363,Ok
FCUserRun1_464,Ok
FCUserRun1_159,Ok
FCUserRun1_58,Ok
FCUserRun1_157,Ok
FCUserRun1_465,Ok
FCUserRun1_364,Ok
FCUserRun1_56,Ok
FCUserRun1_259,Ok
FCUserRun1_261,Ok
FCUserRun1_262,Ok
FCUserRun1_466,Ok
FCUserRun1_263,Ok
FCUserRun1_365,Ok
FCUserRun1_161,Ok
FCUserRun1_467,Ok
FCUserRun1_366,Ok
FCUserRun1_264,Ok
FCUserRun1_60,Ok
FCUserRun1_164,Ok
FCUserRun1_468,Ok
FCUserRun1_163,Ok
FCUserRun1_367,Ok
FCUserRun1_62,Ok
FCUserRun1_265,Ok
FCUserRun1_160,Ok
FCUserRun1_59,Ok
FCUserRun1_63,Ok
FCUserRun1_61,Ok
FCUserRun1_368,Ok
FCUserRun1_469,Ok
FCUserRun1_162,Ok
FCUserRun1_64,Ok
FCUserRun1_266,Ok
FCUserRun1_267,Ok
FCUserRun1_165,Ok
FCUserRun1_166,Ok
FCUserRun1_470,Ok
FCUserRun1_369,Ok
FCUserRun1_471,Ok
FCUserRun1_66,Ok
FCUserRun1_167,Ok
FCUserRun1_268,Ok
FCUserRun1_168,Ok
FCUserRun1_67,Ok
FCUserRun1_472,Ok
FCUserRun1_65,Ok
FCUserRun1_371,Ok
FCUserRun1_269,Ok
FCUserRun1_370,Ok
FCUserRun1_270,Ok
FCUserRun1_473,Ok
FCUserRun1_169,Ok
FCUserRun1_372,Ok
FCUserRun1_170,Ok
FCUserRun1_68,Ok
FCUserRun1_271,Ok
FCUserRun1_474,Ok
FCUserRun1_69,Ok
FCUserRun1_373,Ok
FCUserRun1_475,Ok
FCUserRun1_272,Ok
FCUserRun1_171,Ok
FCUserRun1_374,Ok
FCUserRun1_476,Ok
FCUserRun1_375,Ok
FCUserRun1_172,Ok
FCUserRun1_376,Ok
FCUserRun1_70,Ok
FCUserRun1_477,Ok
FCUserRun1_273,Ok
FCUserRun1_377,Ok
FCUserRun1_478,Ok
FCUserRun1_71,Ok
FCUserRun1_479,Ok
FCUserRun1_274,Ok
FCUserRun1_378,Ok
FCUserRun1_480,Ok
FCUserRun1_379,Ok
FCUserRun1_275,Ok
FCUserRun1_481,Ok
FCUserRun1_173,Ok
FCUserRun1_380,Ok
FCUserRun1_482,Ok
FCUserRun1_174,Ok
FCUserRun1_381,Ok
FCUserRun1_276,Ok
FCUserRun1_382,Ok
FCUserRun1_74,Ok
FCUserRun1_72,Ok
FCUserRun1_483,Ok
FCUserRun1_176,Ok
FCUserRun1_175,Ok
FCUserRun1_73,Ok
FCUserRun1_178,Ok
FCUserRun1_383,Ok
FCUserRun1_277,Ok
FCUserRun1_484,Ok
FCUserRun1_279,Ok
FCUserRun1_281,Ok
FCUserRun1_485,Ok
FCUserRun1_384,Ok
FCUserRun1_181,Ok
FCUserRun1_180,Ok
FCUserRun1_283,Ok
FCUserRun1_486,Ok
FCUserRun1_280,Ok
FCUserRun1_385,Ok
FCUserRun1_278,Ok
FCUserRun1_282,Ok
FCUserRun1_386,Ok
FCUserRun1_487,Ok
FCUserRun1_488,Ok
FCUserRun1_1,Ok
FCUserRun1_2,Ok
FCUserRun1_3,Ok
FCUserRun1_4,Ok
FCUserRun1_5,Ok
FCUserRun1_6,Ok
FCUserRun1_7,Ok
FCUserRun1_8,Ok
FCUserRun1_9,Ok
FCUserRun1_10,Ok
FCUserRun1_11,Ok
FCUserRun1_12,Ok
FCUserRun1_13,Ok
FCUserRun1_14,Ok
FCUserRun1_15,Ok
FCUserRun1_16,Ok
FCUserRun1_17,Ok
FCUserRun1_18,Ok
FCUserRun1_19,Ok
FCUserRun1_20,Ok
FCUserRun1_21,Ok
FCUserRun1_22,Ok
FCUserRun1_23,Ok
FCUserRun1_24,Ok
FCUserRun1_25,Ok
FCUserRun1_26,Ok
FCUserRun1_27,Ok
FCUserRun1_28,Ok
FCUserRun1_30,Ok
FCUserRun1_29,Ok
FCUserRun1_31,Ok
FCUserRun1_32,Ok
FCUserRun1_33,Ok
FCUserRun1_34,Ok
FCUserRun1_35,Ok
FCUserRun1_36,Ok
FCUserRun1_37,Ok
FCUserRun1_38,Ok
FCUserRun1_39,Ok
FCUserRun1_40,Ok
FCUserRun1_41,Ok
FCUserRun1_42,Ok
FCUserRun1_43,Ok
FCUserRun1_44,Ok
FCUserRun1_45,Ok
FCUserRun1_46,Ok
FCUserRun1_47,Ok
FCUserRun1_48,Ok
FCUserRun1_49,Ok
FCUserRun1_50,Ok
FCUserRun1_51,Ok
FCUserRun1_52,Ok
FCUserRun1_53,Ok
FCUserRun1_54,Ok
FCUserRun1_2,Ok
FCUserRun1_1,Ok
FCUserRun1_3,Ok
FCUserRun1_1,Ok
FCUserRun1_2,Ok
FCUserRun1_3,Ok
FCUserRun1_4,Ok
FCUserRun1_5,Ok
FCUserRun1_6,Ok
FCUserRun1_7,Ok
FCUserRun1_8,Ok
FCUserRun1_2,Ok
FCUserRun1_1,Ok
FCUserRun1_3,Ok
FCUserRun1_4,Ok
FCUserRun1_5,Ok
FCUserRun1_6,Ok
FCUserRun1_7,Ok
FCUserRun1_8,Ok
FCUserRun1_9,Ok
FCUserRun1_10,Ok
FCUserRun1_11,Ok
FCUserRun1_12,Ok
FCUserRun1_13,Ok
FCUserRun1_14,Ok
FCUserRun1_15,Ok
FCUserRun1_16,Ok
FCUserRun1_17,Ok
FCUserRun1_18,Ok
FCUserRun1_19,Ok
FCUserRun1_20,Ok
FCUserRun1_21,Ok
FCUserRun1_22,Ok
FCUserRun1_23,Ok
FCUserRun1_24,Ok
FCUserRun1_25,Ok
FCUserRun1_26,Ok
FCUserRun1_27,Ok
FCUserRun1_28,Ok
FCUserRun1_29,Ok
FCUserRun1_30,Ok
FCUserRun1_31,Ok
FCUserRun1_32,Ok
FCUserRun1_33,Ok
FCUserRun1_34,Ok
FCUserRun1_35,Ok
FCUserRun1_36,Ok
FCUserRun1_37,Ok
FCUserRun1_38,Ok
FCUserRun1_39,Ok
