FCUserRun1_1,OK
FCUserRun1_3,OK
FCUserRun1_4,OK
FCUserRun1_1,OK
FCUserRun1_3,OK
FCUserRun1_4,OK
FCUserRun1_5,OK
FCUserRun1_7,OK
FCUserRun1_8,OK
FCUserRun1_9,OK
FCUserRun1_11,OK
FCUserRun1_12,OK
FCUserRun1_13,OK
FCUserRun1_15,OK
FCUserRun1_16,OK
FCUserRun1_17,OK
FCUserRun1_19,OK
FCUserRun1_20,OK
FCUserRun1_23,OK
FCUserRun1_21,OK
FCUserRun1_24,OK
FCUserRun1_8,OK
FCUserRun1_7,OK
FCUserRun1_12,OK
FCUserRun1_9,OK
FCUserRun1_3,OK
FCUserRun1_5,OK
FCUserRun1_1,OK
FCUserRun1_2,OK
FCUserRun1_11,OK
FCUserRun1_4,OK
FCUserRun1_10,OK
FCUserRun1_6,OK
FCUserRun1_13,OK
FCUserRun1_14,OK
FCUserRun1_15,OK
FCUserRun1_16,OK
FCUserRun1_17,OK
FCUserRun1_18,OK
FCUserRun1_19,OK
FCUserRun1_20,OK
FCUserRun1_21,OK
FCUserRun1_22,OK
FCUserRun1_23,OK
FCUserRun1_24,OK
FCUserRun1_25,OK
FCUserRun1_26,OK
FCUserRun1_27,OK
FCUserRun1_28,OK
FCUserRun1_29,OK
FCUserRun1_30,OK
FCUserRun1_31,OK
FCUserRun1_32,OK
FCUserRun1_33,OK
FCUserRun1_34,OK
FCUserRun1_35,OK
FCUserRun1_36,OK
FCUserRun1_37,OK
FCUserRun1_38,OK
FCUserRun1_39,OK
FCUserRun1_40,OK
FCUserRun1_41,OK
FCUserRun1_42,OK
FCUserRun1_43,OK
FCUserRun1_44,OK
FCUserRun1_45,OK
FCUserRun1_46,OK
FCUserRun1_47,OK
FCUserRun1_48,OK
FCUserRun1_49,OK
FCUserRun1_50,OK
FCUserRun1_51,OK
FCUserRun1_52,OK
FCUserRun1_53,OK
FCUserRun1_54,OK
FCUserRun1_55,OK
FCUserRun1_56,OK
FCUserRun1_57,OK
FCUserRun1_58,OK
FCUserRun1_59,OK
FCUserRun1_60,OK
FCUserRun1_61,OK
FCUserRun1_62,OK
FCUserRun1_63,OK
FCUserRun1_64,OK
FCUserRun1_65,OK
FCUserRun1_66,OK
FCUserRun1_67,OK
FCUserRun1_68,OK
FCUserRun1_69,OK
FCUserRun1_70,OK
FCUserRun1_71,OK
FCUserRun1_72,OK
FCUserRun1_73,OK
FCUserRun1_74,OK
FCUserRun1_75,OK
FCUserRun1_76,OK
FCUserRun1_77,OK
FCUserRun1_78,OK
FCUserRun1_79,OK
FCUserRun1_80,OK
FCUserRun1_81,OK
FCUserRun1_82,OK
FCUserRun1_83,OK
FCUserRun1_84,OK
FCUserRun1_85,OK
FCUserRun1_86,OK
FCUserRun1_87,OK
FCUserRun1_88,OK
FCUserRun1_89,OK
FCUserRun1_90,OK
FCUserRun1_91,OK
FCUserRun1_92,OK
FCUserRun1_93,OK
FCUserRun1_94,OK
FCUserRun1_95,OK
FCUserRun1_96,OK
FCUserRun1_97,OK
FCUserRun1_98,OK
FCUserRun1_99,OK
FCUserRun1_100,OK
FCUserRun1_101,OK
FCUserRun1_102,OK
FCUserRun1_103,OK
FCUserRun1_104,OK
FCUserRun1_105,OK
FCUserRun1_106,OK
FCUserRun1_107,OK
FCUserRun1_108,OK
FCUserRun1_109,OK
FCUserRun1_110,OK
FCUserRun1_111,OK
FCUserRun1_112,OK
FCUserRun1_113,OK
FCUserRun1_114,OK
FCUserRun1_115,OK
FCUserRun1_116,OK
FCUserRun1_2,OK
FCUserRun1_5,OK
FCUserRun1_1,OK
FCUserRun1_13,OK
FCUserRun1_3,OK
FCUserRun1_4,OK
FCUserRun1_9,OK
FCUserRun1_11,OK
FCUserRun1_7,OK
FCUserRun1_10,OK
FCUserRun1_12,OK
FCUserRun1_14,OK
FCUserRun1_6,OK
FCUserRun1_8,OK
FCUserRun1_15,OK
FCUserRun1_117,OK
FCUserRun1_118,OK
FCUserRun1_16,OK
FCUserRun1_17,OK
FCUserRun1_119,OK
FCUserRun1_18,OK
FCUserRun1_120,OK
FCUserRun1_19,OK
FCUserRun1_121,OK
FCUserRun1_122,OK
FCUserRun1_20,OK
FCUserRun1_21,OK
FCUserRun1_123,OK
FCUserRun1_22,OK
FCUserRun1_124,OK
FCUserRun1_23,OK
FCUserRun1_125,OK
FCUserRun1_24,OK
FCUserRun1_126,OK
FCUserRun1_25,OK
FCUserRun1_127,OK
FCUserRun1_26,OK
FCUserRun1_128,OK
FCUserRun1_27,OK
FCUserRun1_129,OK
FCUserRun1_28,OK
FCUserRun1_130,OK
FCUserRun1_29,OK
FCUserRun1_131,OK
FCUserRun1_30,OK
FCUserRun1_132,OK
FCUserRun1_31,OK
FCUserRun1_133,OK
FCUserRun1_134,OK
FCUserRun1_32,OK
FCUserRun1_33,OK
FCUserRun1_135,OK
FCUserRun1_34,OK
FCUserRun1_136,OK
FCUserRun1_35,OK
FCUserRun1_137,OK
FCUserRun1_36,OK
FCUserRun1_138,OK
FCUserRun1_139,OK
FCUserRun1_37,OK
FCUserRun1_38,OK
FCUserRun1_140,OK
FCUserRun1_39,OK
FCUserRun1_141,OK
FCUserRun1_40,OK
FCUserRun1_142,OK
FCUserRun1_41,OK
FCUserRun1_143,OK
FCUserRun1_42,OK
FCUserRun1_144,OK
FCUserRun1_43,OK
FCUserRun1_145,OK
FCUserRun1_44,OK
FCUserRun1_146,OK
FCUserRun1_45,OK
FCUserRun1_147,OK
FCUserRun1_46,OK
FCUserRun1_148,OK
FCUserRun1_47,OK
FCUserRun1_149,OK
FCUserRun1_48,OK
FCUserRun1_150,OK
FCUserRun1_49,OK
FCUserRun1_151,OK
FCUserRun1_50,OK
FCUserRun1_152,OK
FCUserRun1_51,OK
FCUserRun1_153,OK
FCUserRun1_52,OK
FCUserRun1_154,OK
FCUserRun1_53,OK
FCUserRun1_155,OK
FCUserRun1_54,OK
FCUserRun1_156,OK
FCUserRun1_55,OK
FCUserRun1_157,OK
FCUserRun1_56,OK
FCUserRun1_158,OK
FCUserRun1_57,OK
FCUserRun1_159,OK
FCUserRun1_58,OK
FCUserRun1_160,OK
FCUserRun1_59,OK
FCUserRun1_161,OK
FCUserRun1_162,OK
FCUserRun1_60,OK
FCUserRun1_61,OK
FCUserRun1_163,OK
FCUserRun1_62,OK
FCUserRun1_164,OK
FCUserRun1_63,OK
FCUserRun1_165,OK
FCUserRun1_64,OK
FCUserRun1_166,OK
FCUserRun1_65,OK
FCUserRun1_167,OK
FCUserRun1_66,OK
FCUserRun1_168,OK
FCUserRun1_67,OK
FCUserRun1_169,OK
FCUserRun1_68,OK
FCUserRun1_170,OK
FCUserRun1_69,OK
FCUserRun1_171,OK
FCUserRun1_70,OK
FCUserRun1_172,OK
FCUserRun1_71,OK
FCUserRun1_173,OK
FCUserRun1_72,OK
FCUserRun1_174,OK
FCUserRun1_73,OK
FCUserRun1_175,OK
FCUserRun1_74,OK
FCUserRun1_176,OK
FCUserRun1_75,OK
FCUserRun1_177,OK
FCUserRun1_178,OK
FCUserRun1_76,OK
FCUserRun1_77,OK
FCUserRun1_179,OK
FCUserRun1_78,OK
FCUserRun1_180,OK
FCUserRun1_79,OK
FCUserRun1_80,OK
FCUserRun1_181,OK
FCUserRun1_182,OK
FCUserRun1_81,OK
FCUserRun1_82,OK
FCUserRun1_183,OK
FCUserRun1_184,OK
FCUserRun1_83,OK
FCUserRun1_185,OK
FCUserRun1_84,OK
FCUserRun1_186,OK
FCUserRun1_85,OK
FCUserRun1_187,OK
FCUserRun1_86,OK
FCUserRun1_188,OK
FCUserRun1_87,OK
FCUserRun1_189,OK
FCUserRun1_88,OK
FCUserRun1_190,OK
FCUserRun1_89,OK
FCUserRun1_191,OK
FCUserRun1_90,OK
FCUserRun1_192,OK
FCUserRun1_91,OK
FCUserRun1_193,OK
FCUserRun1_92,OK
FCUserRun1_194,OK
FCUserRun1_93,OK
FCUserRun1_195,OK
FCUserRun1_94,OK
FCUserRun1_196,OK
FCUserRun1_95,OK
FCUserRun1_96,OK
FCUserRun1_197,OK
FCUserRun1_198,OK
FCUserRun1_97,OK
FCUserRun1_199,OK
FCUserRun1_98,OK
FCUserRun1_99,OK
FCUserRun1_200,OK
FCUserRun1_201,OK
FCUserRun1_100,OK
FCUserRun1_202,OK
FCUserRun1_101,OK
FCUserRun1_203,OK
FCUserRun1_102,OK
FCUserRun1_204,OK
FCUserRun1_103,OK
FCUserRun1_205,OK
FCUserRun1_104,OK
FCUserRun1_206,OK
FCUserRun1_105,OK
FCUserRun1_207,OK
FCUserRun1_106,OK
FCUserRun1_208,OK
FCUserRun1_107,OK
FCUserRun1_209,OK
FCUserRun1_108,OK
FCUserRun1_210,OK
FCUserRun1_109,OK
FCUserRun1_110,OK
FCUserRun1_211,OK
FCUserRun1_212,OK
FCUserRun1_111,OK
FCUserRun1_213,OK
FCUserRun1_112,OK
FCUserRun1_214,OK
FCUserRun1_113,OK
FCUserRun1_215,OK
FCUserRun1_114,OK
FCUserRun1_216,OK
FCUserRun1_115,OK
FCUserRun1_217,OK
FCUserRun1_3,OK
FCUserRun1_6,OK
FCUserRun1_5,OK
FCUserRun1_11,OK
FCUserRun1_4,OK
FCUserRun1_2,OK
FCUserRun1_116,OK
FCUserRun1_1,OK
FCUserRun1_8,OK
FCUserRun1_7,OK
FCUserRun1_13,OK
FCUserRun1_15,OK
FCUserRun1_10,OK
FCUserRun1_9,OK
FCUserRun1_12,OK
FCUserRun1_14,OK
FCUserRun1_117,OK
FCUserRun1_218,OK
FCUserRun1_219,OK
FCUserRun1_118,OK
FCUserRun1_16,OK
FCUserRun1_220,OK
FCUserRun1_17,OK
FCUserRun1_119,OK
FCUserRun1_18,OK
FCUserRun1_221,OK
FCUserRun1_120,OK
FCUserRun1_19,OK
FCUserRun1_222,OK
FCUserRun1_121,OK
FCUserRun1_223,OK
FCUserRun1_122,OK
FCUserRun1_20,OK
FCUserRun1_21,OK
FCUserRun1_224,OK
FCUserRun1_123,OK
FCUserRun1_22,OK
FCUserRun1_225,OK
FCUserRun1_124,OK
FCUserRun1_23,OK
FCUserRun1_226,OK
FCUserRun1_125,OK
FCUserRun1_24,OK
FCUserRun1_227,OK
FCUserRun1_126,OK
FCUserRun1_228,OK
FCUserRun1_25,OK
FCUserRun1_127,OK
FCUserRun1_26,OK
FCUserRun1_229,OK
FCUserRun1_128,OK
FCUserRun1_27,OK
FCUserRun1_129,OK
FCUserRun1_230,OK
FCUserRun1_28,OK
FCUserRun1_231,OK
FCUserRun1_130,OK
FCUserRun1_232,OK
FCUserRun1_29,OK
FCUserRun1_131,OK
FCUserRun1_30,OK
FCUserRun1_233,OK
FCUserRun1_132,OK
FCUserRun1_31,OK
FCUserRun1_234,OK
FCUserRun1_133,OK
FCUserRun1_235,OK
FCUserRun1_134,OK
FCUserRun1_32,OK
FCUserRun1_33,OK
FCUserRun1_236,OK
FCUserRun1_135,OK
FCUserRun1_34,OK
FCUserRun1_237,OK
FCUserRun1_136,OK
FCUserRun1_238,OK
FCUserRun1_35,OK
FCUserRun1_137,OK
FCUserRun1_36,OK
FCUserRun1_138,OK
FCUserRun1_239,OK
FCUserRun1_240,OK
FCUserRun1_139,OK
FCUserRun1_37,OK
FCUserRun1_38,OK
FCUserRun1_241,OK
FCUserRun1_140,OK
FCUserRun1_242,OK
FCUserRun1_39,OK
FCUserRun1_141,OK
FCUserRun1_40,OK
FCUserRun1_243,OK
FCUserRun1_142,OK
FCUserRun1_41,OK
FCUserRun1_244,OK
FCUserRun1_143,OK
FCUserRun1_42,OK
FCUserRun1_144,OK
FCUserRun1_245,OK
FCUserRun1_246,OK
FCUserRun1_43,OK
FCUserRun1_145,OK
FCUserRun1_146,OK
FCUserRun1_247,OK
FCUserRun1_44,OK
FCUserRun1_45,OK
FCUserRun1_248,OK
FCUserRun1_147,OK
FCUserRun1_46,OK
FCUserRun1_148,OK
FCUserRun1_249,OK
FCUserRun1_47,OK
FCUserRun1_250,OK
FCUserRun1_48,OK
FCUserRun1_149,OK
FCUserRun1_251,OK
FCUserRun1_150,OK
FCUserRun1_49,OK
FCUserRun1_151,OK
FCUserRun1_252,OK
FCUserRun1_50,OK
FCUserRun1_253,OK
FCUserRun1_152,OK
FCUserRun1_254,OK
FCUserRun1_51,OK
FCUserRun1_153,OK
FCUserRun1_52,OK
FCUserRun1_255,OK
FCUserRun1_154,OK
FCUserRun1_53,OK
FCUserRun1_256,OK
FCUserRun1_155,OK
FCUserRun1_257,OK
FCUserRun1_54,OK
FCUserRun1_156,OK
FCUserRun1_258,OK
FCUserRun1_55,OK
FCUserRun1_157,OK
FCUserRun1_56,OK
FCUserRun1_259,OK
FCUserRun1_158,OK
FCUserRun1_57,OK
FCUserRun1_260,OK
FCUserRun1_159,OK
FCUserRun1_58,OK
FCUserRun1_261,OK
FCUserRun1_160,OK
FCUserRun1_59,OK
FCUserRun1_262,OK
FCUserRun1_161,OK
FCUserRun1_263,OK
FCUserRun1_60,OK
FCUserRun1_162,OK
FCUserRun1_61,OK
FCUserRun1_264,OK
FCUserRun1_62,OK
FCUserRun1_163,OK
FCUserRun1_265,OK
FCUserRun1_164,OK
FCUserRun1_266,OK
FCUserRun1_63,OK
FCUserRun1_64,OK
FCUserRun1_165,OK
FCUserRun1_267,OK
FCUserRun1_166,OK
FCUserRun1_268,OK
FCUserRun1_65,OK
FCUserRun1_167,OK
FCUserRun1_66,OK
FCUserRun1_269,OK
FCUserRun1_67,OK
FCUserRun1_168,OK
FCUserRun1_270,OK
FCUserRun1_169,OK
FCUserRun1_271,OK
FCUserRun1_170,OK
FCUserRun1_68,OK
FCUserRun1_69,OK
FCUserRun1_272,OK
FCUserRun1_171,OK
FCUserRun1_273,OK
FCUserRun1_70,OK
FCUserRun1_172,OK
FCUserRun1_71,OK
FCUserRun1_274,OK
FCUserRun1_173,OK
FCUserRun1_72,OK
FCUserRun1_275,OK
FCUserRun1_174,OK
FCUserRun1_73,OK
FCUserRun1_276,OK
FCUserRun1_175,OK
FCUserRun1_74,OK
FCUserRun1_277,OK
FCUserRun1_176,OK
FCUserRun1_75,OK
FCUserRun1_278,OK
FCUserRun1_177,OK
FCUserRun1_279,OK
FCUserRun1_76,OK
FCUserRun1_178,OK
FCUserRun1_77,OK
FCUserRun1_280,OK
FCUserRun1_179,OK
FCUserRun1_281,OK
FCUserRun1_78,OK
FCUserRun1_180,OK
FCUserRun1_79,OK
FCUserRun1_282,OK
FCUserRun1_80,OK
FCUserRun1_181,OK
FCUserRun1_283,OK
FCUserRun1_182,OK
FCUserRun1_81,OK
FCUserRun1_284,OK
FCUserRun1_183,OK
FCUserRun1_82,OK
FCUserRun1_285,OK
FCUserRun1_184,OK
FCUserRun1_83,OK
FCUserRun1_286,OK
FCUserRun1_185,OK
FCUserRun1_84,OK
FCUserRun1_287,OK
FCUserRun1_85,OK
FCUserRun1_186,OK
FCUserRun1_288,OK
FCUserRun1_187,OK
FCUserRun1_86,OK
FCUserRun1_289,OK
FCUserRun1_188,OK
FCUserRun1_87,OK
FCUserRun1_290,OK
FCUserRun1_189,OK
FCUserRun1_88,OK
FCUserRun1_291,OK
FCUserRun1_190,OK
FCUserRun1_89,OK
FCUserRun1_292,OK
FCUserRun1_191,OK
FCUserRun1_90,OK
FCUserRun1_293,OK
FCUserRun1_192,OK
FCUserRun1_91,OK
FCUserRun1_294,OK
FCUserRun1_295,OK
FCUserRun1_193,OK
FCUserRun1_92,OK
FCUserRun1_194,OK
FCUserRun1_93,OK
FCUserRun1_296,OK
FCUserRun1_195,OK
FCUserRun1_297,OK
FCUserRun1_94,OK
FCUserRun1_196,OK
FCUserRun1_298,OK
FCUserRun1_95,OK
FCUserRun1_197,OK
FCUserRun1_96,OK
FCUserRun1_299,OK
FCUserRun1_198,OK
FCUserRun1_97,OK
FCUserRun1_300,OK
FCUserRun1_98,OK
FCUserRun1_199,OK
FCUserRun1_99,OK
FCUserRun1_301,OK
FCUserRun1_200,OK
FCUserRun1_302,OK
FCUserRun1_201,OK
FCUserRun1_303,OK
FCUserRun1_202,OK
FCUserRun1_100,OK
FCUserRun1_101,OK
FCUserRun1_304,OK
FCUserRun1_203,OK
FCUserRun1_102,OK
FCUserRun1_305,OK
FCUserRun1_204,OK
FCUserRun1_103,OK
FCUserRun1_205,OK
FCUserRun1_306,OK
FCUserRun1_104,OK
FCUserRun1_307,OK
FCUserRun1_105,OK
FCUserRun1_206,OK
FCUserRun1_308,OK
FCUserRun1_207,OK
FCUserRun1_106,OK
FCUserRun1_309,OK
FCUserRun1_310,OK
FCUserRun1_107,OK
FCUserRun1_209,OK
FCUserRun1_208,OK
FCUserRun1_311,OK
FCUserRun1_210,OK
FCUserRun1_108,OK
FCUserRun1_109,OK
FCUserRun1_110,OK
FCUserRun1_312,OK
FCUserRun1_211,OK
FCUserRun1_313,OK
FCUserRun1_212,OK
FCUserRun1_314,OK
FCUserRun1_111,OK
FCUserRun1_213,OK
FCUserRun1_112,OK
FCUserRun1_315,OK
FCUserRun1_214,OK
FCUserRun1_113,OK
FCUserRun1_316,OK
FCUserRun1_215,OK
FCUserRun1_317,OK
FCUserRun1_114,OK
FCUserRun1_115,OK
FCUserRun1_216,OK
FCUserRun1_318,OK
FCUserRun1_7,OK
FCUserRun1_3,OK
FCUserRun1_5,OK
FCUserRun1_116,OK
FCUserRun1_8,OK
FCUserRun1_1,OK
FCUserRun1_15,OK
FCUserRun1_217,OK
FCUserRun1_6,OK
FCUserRun1_4,OK
FCUserRun1_319,OK
FCUserRun1_11,OK
FCUserRun1_13,OK
FCUserRun1_12,OK
FCUserRun1_10,OK
FCUserRun1_9,OK
FCUserRun1_117,OK
FCUserRun1_2,OK
FCUserRun1_14,OK
FCUserRun1_218,OK
FCUserRun1_320,OK
FCUserRun1_219,OK
FCUserRun1_16,OK
FCUserRun1_118,OK
FCUserRun1_321,OK
FCUserRun1_17,OK
FCUserRun1_220,OK
FCUserRun1_18,OK
FCUserRun1_322,OK
FCUserRun1_221,OK
FCUserRun1_119,OK
FCUserRun1_120,OK
FCUserRun1_323,OK
FCUserRun1_19,OK
FCUserRun1_222,OK
FCUserRun1_121,OK
FCUserRun1_324,OK
FCUserRun1_223,OK
FCUserRun1_122,OK
FCUserRun1_20,OK
FCUserRun1_21,OK
FCUserRun1_325,OK
FCUserRun1_224,OK
FCUserRun1_123,OK
FCUserRun1_326,OK
FCUserRun1_22,OK
FCUserRun1_225,OK
FCUserRun1_124,OK
FCUserRun1_327,OK
FCUserRun1_226,OK
FCUserRun1_24,OK
FCUserRun1_328,OK
FCUserRun1_227,OK
FCUserRun1_125,OK
FCUserRun1_23,OK
FCUserRun1_329,OK
FCUserRun1_126,OK
FCUserRun1_228,OK
FCUserRun1_127,OK
FCUserRun1_25,OK
FCUserRun1_330,OK
FCUserRun1_229,OK
FCUserRun1_26,OK
FCUserRun1_128,OK
FCUserRun1_331,OK
FCUserRun1_129,OK
FCUserRun1_27,OK
FCUserRun1_230,OK
FCUserRun1_332,OK
FCUserRun1_28,OK
FCUserRun1_231,OK
FCUserRun1_130,OK
FCUserRun1_333,OK
FCUserRun1_29,OK
FCUserRun1_232,OK
FCUserRun1_131,OK
FCUserRun1_334,OK
FCUserRun1_30,OK
FCUserRun1_132,OK
FCUserRun1_233,OK
FCUserRun1_31,OK
FCUserRun1_335,OK
FCUserRun1_234,OK
FCUserRun1_336,OK
FCUserRun1_133,OK
FCUserRun1_32,OK
FCUserRun1_235,OK
FCUserRun1_134,OK
FCUserRun1_33,OK
FCUserRun1_337,OK
FCUserRun1_236,OK
FCUserRun1_135,OK
FCUserRun1_34,OK
FCUserRun1_338,OK
FCUserRun1_237,OK
FCUserRun1_136,OK
FCUserRun1_339,OK
FCUserRun1_238,OK
FCUserRun1_35,OK
FCUserRun1_137,OK
FCUserRun1_340,OK
FCUserRun1_36,OK
FCUserRun1_138,OK
FCUserRun1_239,OK
FCUserRun1_341,OK
FCUserRun1_240,OK
FCUserRun1_342,OK
FCUserRun1_139,OK
FCUserRun1_38,OK
FCUserRun1_37,OK
FCUserRun1_241,OK
FCUserRun1_140,OK
FCUserRun1_343,OK
FCUserRun1_39,OK
FCUserRun1_242,OK
FCUserRun1_141,OK
FCUserRun1_344,OK
FCUserRun1_40,OK
FCUserRun1_243,OK
FCUserRun1_345,OK
FCUserRun1_142,OK
FCUserRun1_41,OK
FCUserRun1_244,OK
FCUserRun1_346,OK
FCUserRun1_143,OK
FCUserRun1_42,OK
FCUserRun1_144,OK
FCUserRun1_245,OK
FCUserRun1_347,OK
FCUserRun1_43,OK
FCUserRun1_246,OK
FCUserRun1_145,OK
FCUserRun1_348,OK
FCUserRun1_146,OK
FCUserRun1_247,OK
FCUserRun1_44,OK
FCUserRun1_45,OK
FCUserRun1_349,OK
FCUserRun1_248,OK
FCUserRun1_147,OK
FCUserRun1_46,OK
FCUserRun1_350,OK
FCUserRun1_148,OK
FCUserRun1_47,OK
FCUserRun1_249,OK
FCUserRun1_351,OK
FCUserRun1_48,OK
FCUserRun1_250,OK
FCUserRun1_149,OK
FCUserRun1_352,OK
FCUserRun1_150,OK
FCUserRun1_251,OK
FCUserRun1_49,OK
FCUserRun1_151,OK
FCUserRun1_353,OK
FCUserRun1_252,OK
FCUserRun1_354,OK
FCUserRun1_50,OK
FCUserRun1_253,OK
FCUserRun1_152,OK
FCUserRun1_355,OK
FCUserRun1_254,OK
FCUserRun1_51,OK
FCUserRun1_356,OK
FCUserRun1_52,OK
FCUserRun1_255,OK
FCUserRun1_153,OK
FCUserRun1_357,OK
FCUserRun1_154,OK
FCUserRun1_53,OK
FCUserRun1_358,OK
FCUserRun1_257,OK
FCUserRun1_155,OK
FCUserRun1_256,OK
FCUserRun1_359,OK
FCUserRun1_54,OK
FCUserRun1_360,OK
FCUserRun1_156,OK
FCUserRun1_258,OK
FCUserRun1_361,OK
FCUserRun1_55,OK
FCUserRun1_362,OK
FCUserRun1_260,OK
FCUserRun1_158,OK
FCUserRun1_57,OK
FCUserRun1_363,OK
FCUserRun1_159,OK
FCUserRun1_364,OK
FCUserRun1_58,OK
FCUserRun1_157,OK
FCUserRun1_56,OK
FCUserRun1_259,OK
FCUserRun1_261,OK
FCUserRun1_262,OK
FCUserRun1_365,OK
FCUserRun1_161,OK
FCUserRun1_263,OK
FCUserRun1_264,OK
FCUserRun1_366,OK
FCUserRun1_60,OK
FCUserRun1_164,OK
FCUserRun1_62,OK
FCUserRun1_163,OK
FCUserRun1_367,OK
FCUserRun1_265,OK
FCUserRun1_160,OK
FCUserRun1_63,OK
FCUserRun1_59,OK
FCUserRun1_162,OK
FCUserRun1_61,OK
FCUserRun1_368,OK
FCUserRun1_64,OK
FCUserRun1_266,OK
FCUserRun1_165,OK
FCUserRun1_267,OK
FCUserRun1_369,OK
FCUserRun1_166,OK
FCUserRun1_167,OK
FCUserRun1_66,OK
FCUserRun1_370,OK
FCUserRun1_65,OK
FCUserRun1_269,OK
FCUserRun1_268,OK
FCUserRun1_67,OK
FCUserRun1_168,OK
FCUserRun1_371,OK
FCUserRun1_270,OK
FCUserRun1_169,OK
FCUserRun1_372,OK
FCUserRun1_170,OK
FCUserRun1_271,OK
FCUserRun1_68,OK
FCUserRun1_373,OK
FCUserRun1_69,OK
FCUserRun1_171,OK
FCUserRun1_272,OK
FCUserRun1_374,OK
FCUserRun1_375,OK
FCUserRun1_172,OK
FCUserRun1_376,OK
FCUserRun1_273,OK
FCUserRun1_377,OK
FCUserRun1_70,OK
FCUserRun1_71,OK
FCUserRun1_378,OK
FCUserRun1_173,OK
FCUserRun1_274,OK
FCUserRun1_275,OK
FCUserRun1_379,OK
FCUserRun1_380,OK
FCUserRun1_174,OK
FCUserRun1_381,OK
FCUserRun1_276,OK
FCUserRun1_176,OK
FCUserRun1_72,OK
FCUserRun1_382,OK
FCUserRun1_74,OK
FCUserRun1_73,OK
FCUserRun1_175,OK
FCUserRun1_279,OK
FCUserRun1_178,OK
FCUserRun1_277,OK
FCUserRun1_383,OK
FCUserRun1_78,OK
FCUserRun1_384,OK
FCUserRun1_281,OK
FCUserRun1_79,OK
FCUserRun1_80,OK
FCUserRun1_181,OK
FCUserRun1_180,OK
FCUserRun1_75,OK
FCUserRun1_177,OK
FCUserRun1_280,OK
FCUserRun1_76,OK
FCUserRun1_283,OK
FCUserRun1_278,OK
FCUserRun1_81,OK
FCUserRun1_385,OK
FCUserRun1_282,OK
FCUserRun1_77,OK
FCUserRun1_179,OK
FCUserRun1_182,OK
FCUserRun1_183,OK
FCUserRun1_82,OK
FCUserRun1_386,OK
FCUserRun1_284,OK
FCUserRun1_285,OK
FCUserRun1_184,OK
FCUserRun1_387,OK
FCUserRun1_83,OK
FCUserRun1_286,OK
FCUserRun1_185,OK
FCUserRun1_388,OK
FCUserRun1_287,OK
FCUserRun1_84,OK
FCUserRun1_186,OK
FCUserRun1_85,OK
FCUserRun1_389,OK
FCUserRun1_288,OK
FCUserRun1_86,OK
FCUserRun1_187,OK
FCUserRun1_390,OK
FCUserRun1_188,OK
FCUserRun1_289,OK
FCUserRun1_87,OK
FCUserRun1_391,OK
FCUserRun1_290,OK
FCUserRun1_189,OK
FCUserRun1_88,OK
FCUserRun1_291,OK
FCUserRun1_392,OK
FCUserRun1_89,OK
FCUserRun1_190,OK
FCUserRun1_393,OK
FCUserRun1_292,OK
FCUserRun1_191,OK
FCUserRun1_394,OK
FCUserRun1_90,OK
FCUserRun1_192,OK
FCUserRun1_395,OK
FCUserRun1_294,OK
FCUserRun1_91,OK
FCUserRun1_293,OK
FCUserRun1_92,OK
FCUserRun1_396,OK
FCUserRun1_193,OK
FCUserRun1_295,OK
FCUserRun1_194,OK
FCUserRun1_93,OK
FCUserRun1_397,OK
FCUserRun1_296,OK
FCUserRun1_195,OK
FCUserRun1_398,OK
FCUserRun1_94,OK
FCUserRun1_399,OK
FCUserRun1_196,OK
FCUserRun1_297,OK
FCUserRun1_95,OK
FCUserRun1_298,OK
FCUserRun1_197,OK
FCUserRun1_400,OK
FCUserRun1_96,OK
FCUserRun1_299,OK
FCUserRun1_198,OK
FCUserRun1_401,OK
FCUserRun1_97,OK
FCUserRun1_300,OK
FCUserRun1_98,OK
FCUserRun1_199,OK
FCUserRun1_402,OK
FCUserRun1_200,OK
FCUserRun1_99,OK
FCUserRun1_301,OK
FCUserRun1_403,OK
FCUserRun1_302,OK
FCUserRun1_201,OK
FCUserRun1_404,OK
FCUserRun1_303,OK
FCUserRun1_101,OK
FCUserRun1_100,OK
FCUserRun1_202,OK
FCUserRun1_405,OK
FCUserRun1_304,OK
FCUserRun1_102,OK
FCUserRun1_203,OK
FCUserRun1_406,OK
FCUserRun1_103,OK
FCUserRun1_305,OK
FCUserRun1_205,OK
FCUserRun1_204,OK
FCUserRun1_407,OK
FCUserRun1_306,OK
FCUserRun1_104,OK
FCUserRun1_408,OK
FCUserRun1_307,OK
FCUserRun1_105,OK
FCUserRun1_206,OK
FCUserRun1_409,OK
FCUserRun1_308,OK
FCUserRun1_207,OK
FCUserRun1_106,OK
FCUserRun1_410,OK
FCUserRun1_309,OK
FCUserRun1_411,OK
FCUserRun1_310,OK
FCUserRun1_208,OK
FCUserRun1_107,OK
FCUserRun1_209,OK
FCUserRun1_412,OK
FCUserRun1_210,OK
FCUserRun1_311,OK
FCUserRun1_108,OK
FCUserRun1_413,OK
FCUserRun1_109,OK
FCUserRun1_211,OK
FCUserRun1_110,OK
FCUserRun1_312,OK
FCUserRun1_414,OK
FCUserRun1_313,OK
FCUserRun1_212,OK
FCUserRun1_415,OK
FCUserRun1_314,OK
FCUserRun1_213,OK
FCUserRun1_111,OK
FCUserRun1_416,OK
FCUserRun1_315,OK
FCUserRun1_112,OK
FCUserRun1_214,OK
FCUserRun1_417,OK
FCUserRun1_316,OK
FCUserRun1_113,OK
FCUserRun1_215,OK
FCUserRun1_418,OK
FCUserRun1_115,OK
FCUserRun1_317,OK
FCUserRun1_114,OK
FCUserRun1_216,OK
FCUserRun1_419,OK
FCUserRun1_318,OK
FCUserRun1_7,OK
FCUserRun1_5,OK
FCUserRun1_3,OK
FCUserRun1_420,OK
FCUserRun1_8,OK
FCUserRun1_116,OK
FCUserRun1_14,OK
FCUserRun1_13,OK
FCUserRun1_4,OK
FCUserRun1_2,OK
FCUserRun1_9,OK
FCUserRun1_6,OK
FCUserRun1_11,OK
FCUserRun1_217,OK
FCUserRun1_218,OK
FCUserRun1_12,OK
FCUserRun1_10,OK
FCUserRun1_1,OK
FCUserRun1_421,OK
FCUserRun1_15,OK
FCUserRun1_319,OK
FCUserRun1_117,OK
FCUserRun1_320,OK
FCUserRun1_219,OK
FCUserRun1_422,OK
FCUserRun1_16,OK
FCUserRun1_118,OK
FCUserRun1_17,OK
FCUserRun1_321,OK
FCUserRun1_423,OK
FCUserRun1_220,OK
FCUserRun1_322,OK
FCUserRun1_18,OK
FCUserRun1_119,OK
FCUserRun1_221,OK
FCUserRun1_120,OK
FCUserRun1_424,OK
FCUserRun1_19,OK
FCUserRun1_121,OK
FCUserRun1_323,OK
FCUserRun1_425,OK
FCUserRun1_222,OK
FCUserRun1_324,OK
FCUserRun1_122,OK
FCUserRun1_223,OK
FCUserRun1_20,OK
FCUserRun1_426,OK
FCUserRun1_21,OK
FCUserRun1_224,OK
FCUserRun1_325,OK
FCUserRun1_123,OK
FCUserRun1_427,OK
FCUserRun1_326,OK
FCUserRun1_22,OK
FCUserRun1_225,OK
FCUserRun1_428,OK
FCUserRun1_124,OK
FCUserRun1_327,OK
FCUserRun1_226,OK
FCUserRun1_429,OK
FCUserRun1_24,OK
FCUserRun1_227,OK
FCUserRun1_328,OK
FCUserRun1_23,OK
FCUserRun1_125,OK
FCUserRun1_430,OK
FCUserRun1_126,OK
FCUserRun1_329,OK
FCUserRun1_431,OK
FCUserRun1_330,OK
FCUserRun1_127,OK
FCUserRun1_228,OK
FCUserRun1_25,OK
FCUserRun1_26,OK
FCUserRun1_229,OK
FCUserRun1_128,OK
FCUserRun1_432,OK
FCUserRun1_331,OK
FCUserRun1_27,OK
FCUserRun1_129,OK
FCUserRun1_433,OK
FCUserRun1_230,OK
FCUserRun1_28,OK
FCUserRun1_332,OK
FCUserRun1_231,OK
FCUserRun1_434,OK
FCUserRun1_130,OK
FCUserRun1_29,OK
FCUserRun1_333,OK
FCUserRun1_232,OK
FCUserRun1_435,OK
FCUserRun1_334,OK
FCUserRun1_131,OK
FCUserRun1_30,OK
FCUserRun1_132,OK
FCUserRun1_436,OK
FCUserRun1_233,OK
FCUserRun1_31,OK
FCUserRun1_234,OK
FCUserRun1_335,OK
FCUserRun1_437,OK
FCUserRun1_336,OK
FCUserRun1_438,OK
FCUserRun1_134,OK
FCUserRun1_235,OK
FCUserRun1_133,OK
FCUserRun1_32,OK
FCUserRun1_135,OK
FCUserRun1_33,OK
FCUserRun1_337,OK
FCUserRun1_236,OK
FCUserRun1_439,OK
FCUserRun1_338,OK
FCUserRun1_34,OK
FCUserRun1_237,OK
FCUserRun1_136,OK
FCUserRun1_440,OK
FCUserRun1_339,OK
FCUserRun1_238,OK
FCUserRun1_441,OK
FCUserRun1_35,OK
FCUserRun1_137,OK
FCUserRun1_239,OK
FCUserRun1_36,OK
FCUserRun1_340,OK
FCUserRun1_442,OK
FCUserRun1_240,OK
FCUserRun1_138,OK
FCUserRun1_341,OK
FCUserRun1_443,OK
FCUserRun1_241,OK
FCUserRun1_342,OK
FCUserRun1_139,OK
FCUserRun1_38,OK
FCUserRun1_37,OK
FCUserRun1_444,OK
FCUserRun1_343,OK
FCUserRun1_39,OK
FCUserRun1_140,OK
FCUserRun1_445,OK
FCUserRun1_242,OK
FCUserRun1_40,OK
FCUserRun1_344,OK
FCUserRun1_141,OK
FCUserRun1_243,OK
FCUserRun1_41,OK
FCUserRun1_446,OK
FCUserRun1_345,OK
FCUserRun1_142,OK
FCUserRun1_447,OK
FCUserRun1_244,OK
FCUserRun1_346,OK
FCUserRun1_143,OK
FCUserRun1_42,OK
FCUserRun1_144,OK
FCUserRun1_448,OK
FCUserRun1_245,OK
FCUserRun1_246,OK
FCUserRun1_43,OK
FCUserRun1_347,OK
FCUserRun1_145,OK
FCUserRun1_449,OK
FCUserRun1_146,OK
FCUserRun1_348,OK
FCUserRun1_247,OK
FCUserRun1_450,OK
FCUserRun1_44,OK
FCUserRun1_349,OK
FCUserRun1_45,OK
FCUserRun1_147,OK
FCUserRun1_46,OK
FCUserRun1_451,OK
FCUserRun1_350,OK
FCUserRun1_248,OK
FCUserRun1_148,OK
FCUserRun1_249,OK
FCUserRun1_47,OK
FCUserRun1_452,OK
FCUserRun1_351,OK
FCUserRun1_48,OK
FCUserRun1_149,OK
FCUserRun1_453,OK
FCUserRun1_250,OK
FCUserRun1_352,OK
FCUserRun1_151,OK
FCUserRun1_150,OK
FCUserRun1_454,OK
FCUserRun1_49,OK
FCUserRun1_353,OK
FCUserRun1_252,OK
FCUserRun1_455,OK
FCUserRun1_251,OK
FCUserRun1_354,OK
FCUserRun1_50,OK
FCUserRun1_253,OK
FCUserRun1_456,OK
FCUserRun1_152,OK
FCUserRun1_355,OK
FCUserRun1_51,OK
FCUserRun1_254,OK
FCUserRun1_457,OK
FCUserRun1_356,OK
FCUserRun1_458,OK
FCUserRun1_153,OK
FCUserRun1_154,OK
FCUserRun1_255,OK
FCUserRun1_52,OK
FCUserRun1_357,OK
FCUserRun1_53,OK
FCUserRun1_459,OK
FCUserRun1_358,OK
FCUserRun1_155,OK
FCUserRun1_257,OK
FCUserRun1_256,OK
FCUserRun1_460,OK
FCUserRun1_359,OK
FCUserRun1_461,OK
FCUserRun1_156,OK
FCUserRun1_54,OK
FCUserRun1_360,OK
FCUserRun1_258,OK
FCUserRun1_462,OK
FCUserRun1_361,OK
FCUserRun1_55,OK
FCUserRun1_463,OK
FCUserRun1_260,OK
FCUserRun1_57,OK
FCUserRun1_158,OK
FCUserRun1_464,OK
FCUserRun1_362,OK
FCUserRun1_363,OK
FCUserRun1_159,OK
FCUserRun1_465,OK
FCUserRun1_58,OK
FCUserRun1_157,OK
FCUserRun1_364,OK
FCUserRun1_56,OK
FCUserRun1_259,OK
FCUserRun1_262,OK
FCUserRun1_261,OK
FCUserRun1_466,OK
FCUserRun1_365,OK
FCUserRun1_263,OK
FCUserRun1_161,OK
FCUserRun1_467,OK
FCUserRun1_366,OK
FCUserRun1_264,OK
FCUserRun1_60,OK
FCUserRun1_163,OK
FCUserRun1_164,OK
FCUserRun1_62,OK
FCUserRun1_468,OK
FCUserRun1_367,OK
FCUserRun1_265,OK
FCUserRun1_160,OK
FCUserRun1_59,OK
FCUserRun1_63,OK
FCUserRun1_61,OK
FCUserRun1_469,OK
FCUserRun1_368,OK
FCUserRun1_162,OK
FCUserRun1_64,OK
FCUserRun1_267,OK
FCUserRun1_266,OK
FCUserRun1_165,OK
FCUserRun1_470,OK
FCUserRun1_166,OK
FCUserRun1_369,OK
FCUserRun1_471,OK
FCUserRun1_167,OK
FCUserRun1_66,OK
FCUserRun1_268,OK
FCUserRun1_472,OK
FCUserRun1_67,OK
FCUserRun1_168,OK
FCUserRun1_65,OK
FCUserRun1_370,OK
FCUserRun1_371,OK
FCUserRun1_269,OK
FCUserRun1_270,OK
FCUserRun1_473,OK
FCUserRun1_169,OK
FCUserRun1_372,OK
FCUserRun1_170,OK
FCUserRun1_271,OK
FCUserRun1_474,OK
FCUserRun1_68,OK
FCUserRun1_69,OK
FCUserRun1_373,OK
FCUserRun1_475,OK
FCUserRun1_272,OK
FCUserRun1_171,OK
FCUserRun1_374,OK
FCUserRun1_476,OK
FCUserRun1_375,OK
FCUserRun1_172,OK
FCUserRun1_477,OK
FCUserRun1_376,OK
FCUserRun1_273,OK
FCUserRun1_70,OK
FCUserRun1_478,OK
FCUserRun1_377,OK
FCUserRun1_71,OK
FCUserRun1_479,OK
FCUserRun1_274,OK
FCUserRun1_378,OK
FCUserRun1_480,OK
FCUserRun1_379,OK
FCUserRun1_173,OK
FCUserRun1_275,OK
FCUserRun1_481,OK
FCUserRun1_380,OK
FCUserRun1_482,OK
FCUserRun1_174,OK
FCUserRun1_381,OK
FCUserRun1_276,OK
FCUserRun1_72,OK
FCUserRun1_382,OK
FCUserRun1_483,OK
FCUserRun1_74,OK
FCUserRun1_176,OK
FCUserRun1_175,OK
FCUserRun1_73,OK
FCUserRun1_484,OK
FCUserRun1_277,OK
FCUserRun1_178,OK
FCUserRun1_383,OK
FCUserRun1_279,OK
FCUserRun1_485,OK
FCUserRun1_281,OK
FCUserRun1_80,OK
FCUserRun1_384,OK
FCUserRun1_181,OK
FCUserRun1_78,OK
FCUserRun1_79,OK
FCUserRun1_180,OK
FCUserRun1_177,OK
FCUserRun1_283,OK
FCUserRun1_486,OK
FCUserRun1_280,OK
FCUserRun1_76,OK
FCUserRun1_75,OK
FCUserRun1_81,OK
FCUserRun1_179,OK
FCUserRun1_278,OK
FCUserRun1_77,OK
FCUserRun1_282,OK
FCUserRun1_385,OK
FCUserRun1_182,OK
FCUserRun1_183,OK
FCUserRun1_487,OK
FCUserRun1_82,OK
FCUserRun1_284,OK
FCUserRun1_386,OK
FCUserRun1_285,OK
FCUserRun1_184,OK
FCUserRun1_488,OK
FCUserRun1_387,OK
FCUserRun1_286,OK
FCUserRun1_83,OK
FCUserRun1_489,OK
FCUserRun1_185,OK
FCUserRun1_287,OK
FCUserRun1_388,OK
FCUserRun1_186,OK
FCUserRun1_84,OK
FCUserRun1_490,OK
FCUserRun1_85,OK
FCUserRun1_389,OK
FCUserRun1_288,OK
FCUserRun1_491,OK
FCUserRun1_188,OK
FCUserRun1_86,OK
FCUserRun1_187,OK
FCUserRun1_390,OK
FCUserRun1_492,OK
FCUserRun1_289,OK
FCUserRun1_391,OK
FCUserRun1_290,OK
FCUserRun1_87,OK
FCUserRun1_493,OK
FCUserRun1_189,OK
FCUserRun1_88,OK
FCUserRun1_291,OK
FCUserRun1_392,OK
FCUserRun1_494,OK
FCUserRun1_89,OK
FCUserRun1_393,OK
FCUserRun1_190,OK
FCUserRun1_495,OK
FCUserRun1_191,OK
FCUserRun1_292,OK
FCUserRun1_394,OK
FCUserRun1_90,OK
FCUserRun1_496,OK
FCUserRun1_395,OK
FCUserRun1_192,OK
FCUserRun1_294,OK
FCUserRun1_497,OK
FCUserRun1_293,OK
FCUserRun1_91,OK
FCUserRun1_396,OK
FCUserRun1_92,OK
FCUserRun1_498,OK
FCUserRun1_194,OK
FCUserRun1_193,OK
FCUserRun1_295,OK
FCUserRun1_93,OK
FCUserRun1_397,OK
FCUserRun1_195,OK
FCUserRun1_296,OK
FCUserRun1_499,OK
FCUserRun1_398,OK
FCUserRun1_500,OK
FCUserRun1_297,OK
FCUserRun1_399,OK
FCUserRun1_501,OK
FCUserRun1_400,OK
FCUserRun1_502,OK
FCUserRun1_503,OK
FCUserRun1_5,OK
FCUserRun1_1,OK
FCUserRun1_4,OK
FCUserRun1_6,OK
FCUserRun1_3,OK
FCUserRun1_2,OK
FCUserRun1_7,OK
FCUserRun1_8,OK
FCUserRun1_9,OK
FCUserRun1_10,OK
FCUserRun1_11,OK
FCUserRun1_12,OK
FCUserRun1_13,OK
FCUserRun1_14,OK
FCUserRun1_15,OK
FCUserRun1_16,NOT_FOUND(message)
FCUserRun1_3,OK
FCUserRun1_4,OK
FCUserRun1_5,OK
FCUserRun1_2,OK
FCUserRun1_1,OK
FCUserRun1_6,OK
FCUserRun1_7,OK
FCUserRun1_9,OK
FCUserRun1_10,OK
FCUserRun1_11,NOT_FOUND(message)
FCUserRun1_1,OK
FCUserRun1_2,OK
FCUserRun1_3,OK
FCUserRun1_4,OK
FCUserRun1_5,OK
FCUserRun1_6,OK
FCUserRun1_7,OK
FCUserRun1_8,OK
FCUserRun1_9,OK
FCUserRun1_10,OK
FCUserRun1_11,OK
FCUserRun1_12,OK
FCUserRun1_13,OK
FCUserRun1_14,OK
FCUserRun1_15,OK
FCUserRun1_16,OK
FCUserRun1_17,OK
FCUserRun1_18,OK
FCUserRun1_19,OK
FCUserRun1_20,OK
FCUserRun1_21,OK
FCUserRun1_22,OK
FCUserRun1_23,OK
FCUserRun1_24,OK
FCUserRun1_25,OK
FCUserRun1_26,OK
FCUserRun1_27,OK
FCUserRun1_28,OK
FCUserRun1_29,OK
FCUserRun1_30,OK
FCUserRun1_31,OK
FCUserRun1_32,OK
FCUserRun1_33,OK
FCUserRun1_34,OK
FCUserRun1_35,OK
FCUserRun1_36,OK
FCUserRun1_37,OK
FCUserRun1_38,OK
FCUserRun1_39,OK
FCUserRun1_40,OK
FCUserRun1_41,OK
FCUserRun1_42,OK
FCUserRun1_43,OK
FCUserRun1_44,OK
FCUserRun1_45,OK
FCUserRun1_46,OK
FCUserRun1_47,OK
FCUserRun1_48,OK
FCUserRun1_49,OK
FCUserRun1_50,OK
FCUserRun1_51,OK
FCUserRun1_52,OK
FCUserRun1_53,OK
FCUserRun1_54,OK
FCUserRun1_2,OK
FCUserRun1_1,OK
FCUserRun1_3,OK
FCUserRun1_55,OK
FCUserRun1_4,OK
FCUserRun1_56,OK
FCUserRun1_5,OK
FCUserRun1_57,OK
FCUserRun1_6,OK
FCUserRun1_58,OK
FCUserRun1_59,OK
FCUserRun1_7,OK
FCUserRun1_8,OK
FCUserRun1_60,OK
FCUserRun1_61,OK
FCUserRun1_9,OK
FCUserRun1_10,OK
FCUserRun1_62,OK
FCUserRun1_63,OK
FCUserRun1_11,OK
FCUserRun1_1,OK
FCUserRun1_2,OK
FCUserRun1_3,OK
FCUserRun1_4,OK
FCUserRun1_5,OK
FCUserRun1_6,OK
FCUserRun1_7,OK
FCUserRun1_8,OK
FCUserRun1_10,OK
FCUserRun1_9,OK
FCUserRun1_12,OK
FCUserRun1_11,OK
FCUserRun1_13,OK
FCUserRun1_14,OK
FCUserRun1_15,OK
FCUserRun1_16,OK
FCUserRun1_17,OK
FCUserRun1_18,NOT_FOUND(message)
FCUserRun1_1,OK
FCUserRun1_2,OK
FCUserRun1_3,OK
FCUserRun1_4,OK
FCUserRun1_5,OK
FCUserRun1_6,OK
FCUserRun1_7,OK
FCUserRun1_8,OK
FCUserRun1_9,OK
FCUserRun1_10,OK
FCUserRun1_11,OK
FCUserRun1_12,OK
FCUserRun1_13,OK
FCUserRun1_14,OK
FCUserRun1_15,OK
FCUserRun1_16,OK
FCUserRun1_17,OK
FCUserRun1_18,OK
FCUserRun1_19,OK
FCUserRun1_20,OK
FCUserRun1_21,OK
FCUserRun1_22,OK
FCUserRun1_23,OK
FCUserRun1_24,OK
FCUserRun1_25,OK
FCUserRun1_26,OK
FCUserRun1_27,OK
FCUserRun1_28,OK
FCUserRun1_29,OK
FCUserRun1_30,OK
FCUserRun1_31,OK
FCUserRun1_32,OK
FCUserRun1_33,OK
FCUserRun1_34,OK
FCUserRun1_35,OK
FCUserRun1_36,OK
FCUserRun1_37,OK
FCUserRun1_38,OK
FCUserRun1_39,OK
FCUserRun1_40,OK
FCUserRun1_41,OK
FCUserRun1_42,OK
FCUserRun1_43,OK
FCUserRun1_44,OK
FCUserRun1_45,OK
FCUserRun1_46,OK
FCUserRun1_47,OK
FCUserRun1_48,OK
