FCUserRun1_3,Already Have Withdraw Request
FCUserRun1_1,Access Denied: Invalid Token Provided.
FCUserRun1_2,Already Have Withdraw Request
FCUserRun1_11,Already Have Withdraw Request
FCUserRun1_6,Already Have Withdraw Request
FCUserRun1_9,Already Have Withdraw Request
FCUserRun1_8,Already Have Withdraw Request
FCUserRun1_5,Already Have Withdraw Request
FCUserRun1_10,Already Have Withdraw Request
FCUserRun1_7,Already Have Withdraw Request
FCUserRun1_4,Already Have Withdraw Request
FCUserRun1_12,Already Have Withdraw Request
FCUserRun1_18,Already Have Withdraw Request
FCUserRun1_19,Already Have Withdraw Request
FCUserRun1_13,Already Have Withdraw Request
FCUserRun1_17,Already Have Withdraw Request
FCUserRun1_15,Already Have Withdraw Request
FCUserRun1_14,Already Have Withdraw Request
FCUserRun1_21,Already Have Withdraw Request
FCUserRun1_20,Already Have Withdraw Request
FCUserRun1_16,Already Have Withdraw Request
FCUserRun1_22,Already Have Withdraw Request
FCUserRun1_23,Already Have Withdraw Request
FCUserRun1_24,Already Have Withdraw Request
FCUserRun1_25,Already Have Withdraw Request
FCUserRun1_26,Already Have Withdraw Request
FCUserRun1_27,Already Have Withdraw Request
FCUserRun1_28,Already Have Withdraw Request
FCUserRun1_29,Already Have Withdraw Request
FCUserRun1_30,Already Have Withdraw Request
FCUserRun1_31,Already Have Withdraw Request
FCUserRun1_32,Already Have Withdraw Request
FCUserRun1_33,Already Have Withdraw Request
FCUserRun1_34,Already Have Withdraw Request
FCUserRun1_35,Already Have Withdraw Request
FCUserRun1_36,Already Have Withdraw Request
FCUserRun1_37,Already Have Withdraw Request
FCUserRun1_38,Already Have Withdraw Request
FCUserRun1_39,Already Have Withdraw Request
FCUserRun1_40,Already Have Withdraw Request
FCUserRun1_41,Already Have Withdraw Request
FCUserRun1_43,Already Have Withdraw Request
FCUserRun1_42,Already Have Withdraw Request
FCUserRun1_44,Already Have Withdraw Request
FCUserRun1_45,Already Have Withdraw Request
FCUserRun1_47,Already Have Withdraw Request
FCUserRun1_46,Already Have Withdraw Request
FCUserRun1_48,Already Have Withdraw Request
FCUserRun1_49,Already Have Withdraw Request
FCUserRun1_50,Already Have Withdraw Request
FCUserRun1_51,Already Have Withdraw Request
FCUserRun1_52,Already Have Withdraw Request
FCUserRun1_53,Already Have Withdraw Request
FCUserRun1_54,Already Have Withdraw Request
FCUserRun1_55,Already Have Withdraw Request
FCUserRun1_56,Already Have Withdraw Request
FCUserRun1_57,Already Have Withdraw Request
FCUserRun1_58,Already Have Withdraw Request
FCUserRun1_59,Already Have Withdraw Request
FCUserRun1_61,Already Have Withdraw Request
FCUserRun1_60,Already Have Withdraw Request
FCUserRun1_62,Already Have Withdraw Request
FCUserRun1_63,Already Have Withdraw Request
FCUserRun1_65,Already Have Withdraw Request
FCUserRun1_66,Already Have Withdraw Request
FCUserRun1_67,Already Have Withdraw Request
FCUserRun1_64,Already Have Withdraw Request
FCUserRun1_70,Already Have Withdraw Request
FCUserRun1_69,Already Have Withdraw Request
FCUserRun1_68,Already Have Withdraw Request
FCUserRun1_71,Already Have Withdraw Request
FCUserRun1_72,Already Have Withdraw Request
FCUserRun1_73,Already Have Withdraw Request
FCUserRun1_74,Already Have Withdraw Request
FCUserRun1_75,Already Have Withdraw Request
FCUserRun1_76,Already Have Withdraw Request
FCUserRun1_77,Already Have Withdraw Request
FCUserRun1_78,Already Have Withdraw Request
FCUserRun1_79,Already Have Withdraw Request
FCUserRun1_80,Already Have Withdraw Request
FCUserRun1_81,Already Have Withdraw Request
FCUserRun1_82,Already Have Withdraw Request
FCUserRun1_83,Already Have Withdraw Request
FCUserRun1_84,Already Have Withdraw Request
FCUserRun1_85,Already Have Withdraw Request
FCUserRun1_86,Already Have Withdraw Request
FCUserRun1_87,Already Have Withdraw Request
FCUserRun1_88,Already Have Withdraw Request
FCUserRun1_90,Already Have Withdraw Request
FCUserRun1_91,Already Have Withdraw Request
FCUserRun1_93,Already Have Withdraw Request
FCUserRun1_92,Already Have Withdraw Request
FCUserRun1_94,Already Have Withdraw Request
FCUserRun1_95,Already Have Withdraw Request
FCUserRun1_89,Already Have Withdraw Request
FCUserRun1_96,Already Have Withdraw Request
FCUserRun1_97,Already Have Withdraw Request
FCUserRun1_98,Already Have Withdraw Request
FCUserRun1_99,Already Have Withdraw Request
FCUserRun1_100,Already Have Withdraw Request
FCUserRun1_101,Already Have Withdraw Request
FCUserRun1_102,Already Have Withdraw Request
FCUserRun1_103,Already Have Withdraw Request
FCUserRun1_104,Already Have Withdraw Request
FCUserRun1_108,Already Have Withdraw Request
FCUserRun1_105,Already Have Withdraw Request
FCUserRun1_111,Already Have Withdraw Request
FCUserRun1_106,Already Have Withdraw Request
FCUserRun1_112,Already Have Withdraw Request
FCUserRun1_109,Already Have Withdraw Request
FCUserRun1_107,Already Have Withdraw Request
FCUserRun1_110,Already Have Withdraw Request
FCUserRun1_113,Already Have Withdraw Request
FCUserRun1_114,Already Have Withdraw Request
FCUserRun1_115,Already Have Withdraw Request
FCUserRun1_116,Already Have Withdraw Request
FCUserRun1_117,Already Have Withdraw Request
FCUserRun1_118,Already Have Withdraw Request
FCUserRun1_119,Already Have Withdraw Request
FCUserRun1_120,Already Have Withdraw Request
FCUserRun1_121,Already Have Withdraw Request
FCUserRun1_122,Already Have Withdraw Request
FCUserRun1_123,Already Have Withdraw Request
FCUserRun1_124,Already Have Withdraw Request
FCUserRun1_125,Already Have Withdraw Request
FCUserRun1_126,Already Have Withdraw Request
FCUserRun1_127,Already Have Withdraw Request
FCUserRun1_128,Already Have Withdraw Request
FCUserRun1_129,Already Have Withdraw Request
FCUserRun1_130,Already Have Withdraw Request
FCUserRun1_131,Already Have Withdraw Request
FCUserRun1_132,Already Have Withdraw Request
FCUserRun1_133,Already Have Withdraw Request
FCUserRun1_134,Already Have Withdraw Request
FCUserRun1_135,Already Have Withdraw Request
FCUserRun1_136,Already Have Withdraw Request
FCUserRun1_137,Already Have Withdraw Request
FCUserRun1_138,Already Have Withdraw Request
FCUserRun1_139,Already Have Withdraw Request
FCUserRun1_140,Already Have Withdraw Request
FCUserRun1_141,Already Have Withdraw Request
FCUserRun1_142,Already Have Withdraw Request
FCUserRun1_143,Already Have Withdraw Request
FCUserRun1_144,Already Have Withdraw Request
FCUserRun1_145,Already Have Withdraw Request
FCUserRun1_146,Already Have Withdraw Request
FCUserRun1_147,Already Have Withdraw Request
FCUserRun1_148,Already Have Withdraw Request
FCUserRun1_149,Already Have Withdraw Request
FCUserRun1_150,Already Have Withdraw Request
FCUserRun1_151,Already Have Withdraw Request
FCUserRun1_152,Already Have Withdraw Request
FCUserRun1_153,Already Have Withdraw Request
FCUserRun1_154,Already Have Withdraw Request
FCUserRun1_155,Already Have Withdraw Request
FCUserRun1_156,Already Have Withdraw Request
FCUserRun1_157,Already Have Withdraw Request
FCUserRun1_158,Already Have Withdraw Request
FCUserRun1_159,Already Have Withdraw Request
FCUserRun1_160,Already Have Withdraw Request
FCUserRun1_161,Already Have Withdraw Request
FCUserRun1_162,Already Have Withdraw Request
FCUserRun1_163,Already Have Withdraw Request
FCUserRun1_165,Already Have Withdraw Request
FCUserRun1_164,Already Have Withdraw Request
FCUserRun1_166,Already Have Withdraw Request
FCUserRun1_167,Already Have Withdraw Request
FCUserRun1_168,Already Have Withdraw Request
FCUserRun1_169,Already Have Withdraw Request
FCUserRun1_170,Already Have Withdraw Request
FCUserRun1_171,Already Have Withdraw Request
FCUserRun1_172,NOT_FOUND(message)
FCUserRun1_1,Already Have Withdraw Request
FCUserRun1_2,Already Have Withdraw Request
FCUserRun1_3,Already Have Withdraw Request
FCUserRun1_4,Already Have Withdraw Request
FCUserRun1_5,Already Have Withdraw Request
FCUserRun1_6,Already Have Withdraw Request
FCUserRun1_7,Already Have Withdraw Request
FCUserRun1_8,Already Have Withdraw Request
FCUserRun1_9,Already Have Withdraw Request
FCUserRun1_10,Already Have Withdraw Request
FCUserRun1_11,Already Have Withdraw Request
FCUserRun1_12,Already Have Withdraw Request
FCUserRun1_13,Already Have Withdraw Request
FCUserRun1_14,Already Have Withdraw Request
FCUserRun1_15,Already Have Withdraw Request
FCUserRun1_16,Already Have Withdraw Request
FCUserRun1_17,Already Have Withdraw Request
FCUserRun1_18,Already Have Withdraw Request
FCUserRun1_19,Already Have Withdraw Request
FCUserRun1_20,Already Have Withdraw Request
FCUserRun1_21,Already Have Withdraw Request
FCUserRun1_22,Already Have Withdraw Request
FCUserRun1_23,Already Have Withdraw Request
FCUserRun1_38,Already Have Withdraw Request
FCUserRun1_14,Already Have Withdraw Request
FCUserRun1_30,Already Have Withdraw Request
FCUserRun1_32,Already Have Withdraw Request
FCUserRun1_23,Already Have Withdraw Request
FCUserRun1_26,Already Have Withdraw Request
FCUserRun1_49,Already Have Withdraw Request
FCUserRun1_16,Already Have Withdraw Request
FCUserRun1_25,Already Have Withdraw Request
FCUserRun1_19,Already Have Withdraw Request
FCUserRun1_18,Already Have Withdraw Request
FCUserRun1_41,Already Have Withdraw Request
FCUserRun1_42,Already Have Withdraw Request
FCUserRun1_31,Already Have Withdraw Request
FCUserRun1_17,Already Have Withdraw Request
FCUserRun1_43,Already Have Withdraw Request
FCUserRun1_40,Already Have Withdraw Request
FCUserRun1_20,Already Have Withdraw Request
FCUserRun1_39,Already Have Withdraw Request
FCUserRun1_28,Already Have Withdraw Request
FCUserRun1_12,Already Have Withdraw Request
FCUserRun1_27,Already Have Withdraw Request
FCUserRun1_15,Already Have Withdraw Request
FCUserRun1_46,Already Have Withdraw Request
FCUserRun1_36,Already Have Withdraw Request
FCUserRun1_13,Already Have Withdraw Request
FCUserRun1_34,Already Have Withdraw Request
FCUserRun1_44,Already Have Withdraw Request
FCUserRun1_33,Already Have Withdraw Request
FCUserRun1_35,Already Have Withdraw Request
FCUserRun1_45,Already Have Withdraw Request
FCUserRun1_21,Already Have Withdraw Request
FCUserRun1_24,Already Have Withdraw Request
FCUserRun1_11,Already Have Withdraw Request
FCUserRun1_22,Already Have Withdraw Request
FCUserRun1_48,Already Have Withdraw Request
FCUserRun1_47,Already Have Withdraw Request
FCUserRun1_29,Already Have Withdraw Request
FCUserRun1_37,Already Have Withdraw Request
FCUserRun1_51,Already Have Withdraw Request
FCUserRun1_50,Already Have Withdraw Request
FCUserRun1_52,Already Have Withdraw Request
FCUserRun1_53,Already Have Withdraw Request
FCUserRun1_55,Already Have Withdraw Request
FCUserRun1_54,Already Have Withdraw Request
FCUserRun1_56,Already Have Withdraw Request
FCUserRun1_57,Already Have Withdraw Request
FCUserRun1_58,Already Have Withdraw Request
FCUserRun1_59,Already Have Withdraw Request
FCUserRun1_60,Already Have Withdraw Request
FCUserRun1_61,Already Have Withdraw Request
FCUserRun1_64,Already Have Withdraw Request
FCUserRun1_63,Already Have Withdraw Request
FCUserRun1_62,Already Have Withdraw Request
FCUserRun1_65,Already Have Withdraw Request
FCUserRun1_66,Already Have Withdraw Request
FCUserRun1_67,Already Have Withdraw Request
FCUserRun1_70,Already Have Withdraw Request
FCUserRun1_69,Already Have Withdraw Request
FCUserRun1_71,Already Have Withdraw Request
FCUserRun1_68,Already Have Withdraw Request
FCUserRun1_72,Already Have Withdraw Request
FCUserRun1_74,Already Have Withdraw Request
FCUserRun1_73,Already Have Withdraw Request
FCUserRun1_76,Already Have Withdraw Request
FCUserRun1_75,Already Have Withdraw Request
FCUserRun1_77,Already Have Withdraw Request
FCUserRun1_78,Already Have Withdraw Request
FCUserRun1_79,Already Have Withdraw Request
FCUserRun1_80,Already Have Withdraw Request
FCUserRun1_84,Already Have Withdraw Request
FCUserRun1_83,Already Have Withdraw Request
FCUserRun1_81,Already Have Withdraw Request
FCUserRun1_82,Already Have Withdraw Request
FCUserRun1_88,Already Have Withdraw Request
FCUserRun1_85,Already Have Withdraw Request
FCUserRun1_90,Already Have Withdraw Request
FCUserRun1_86,Already Have Withdraw Request
FCUserRun1_87,Already Have Withdraw Request
FCUserRun1_89,Already Have Withdraw Request
FCUserRun1_91,Already Have Withdraw Request
FCUserRun1_92,Already Have Withdraw Request
FCUserRun1_93,Already Have Withdraw Request
FCUserRun1_94,Already Have Withdraw Request
FCUserRun1_95,Already Have Withdraw Request
FCUserRun1_97,Already Have Withdraw Request
FCUserRun1_96,Already Have Withdraw Request
FCUserRun1_102,Already Have Withdraw Request
FCUserRun1_100,Already Have Withdraw Request
FCUserRun1_104,Already Have Withdraw Request
FCUserRun1_98,Already Have Withdraw Request
FCUserRun1_99,Already Have Withdraw Request
FCUserRun1_101,Already Have Withdraw Request
FCUserRun1_103,Already Have Withdraw Request
FCUserRun1_105,Already Have Withdraw Request
FCUserRun1_106,Already Have Withdraw Request
FCUserRun1_107,Already Have Withdraw Request
FCUserRun1_108,Already Have Withdraw Request
FCUserRun1_109,Already Have Withdraw Request
FCUserRun1_110,Already Have Withdraw Request
FCUserRun1_112,Already Have Withdraw Request
FCUserRun1_111,Already Have Withdraw Request
FCUserRun1_113,Already Have Withdraw Request
FCUserRun1_114,Already Have Withdraw Request
FCUserRun1_115,Already Have Withdraw Request
FCUserRun1_116,Already Have Withdraw Request
FCUserRun1_117,Already Have Withdraw Request
FCUserRun1_118,Already Have Withdraw Request
FCUserRun1_119,Already Have Withdraw Request
FCUserRun1_120,Already Have Withdraw Request
FCUserRun1_121,Already Have Withdraw Request
FCUserRun1_122,Already Have Withdraw Request
FCUserRun1_123,Already Have Withdraw Request
FCUserRun1_124,Already Have Withdraw Request
FCUserRun1_125,Already Have Withdraw Request
FCUserRun1_126,Already Have Withdraw Request
FCUserRun1_127,Already Have Withdraw Request
FCUserRun1_128,Already Have Withdraw Request
FCUserRun1_129,Already Have Withdraw Request
FCUserRun1_130,Already Have Withdraw Request
FCUserRun1_131,Already Have Withdraw Request
FCUserRun1_132,Already Have Withdraw Request
FCUserRun1_133,Already Have Withdraw Request
FCUserRun1_134,Already Have Withdraw Request
FCUserRun1_135,Already Have Withdraw Request
FCUserRun1_136,Already Have Withdraw Request
FCUserRun1_137,Already Have Withdraw Request
FCUserRun1_138,Already Have Withdraw Request
FCUserRun1_139,Already Have Withdraw Request
FCUserRun1_140,Already Have Withdraw Request
FCUserRun1_141,Already Have Withdraw Request
FCUserRun1_142,Already Have Withdraw Request
FCUserRun1_143,Already Have Withdraw Request
FCUserRun1_144,Already Have Withdraw Request
FCUserRun1_145,Already Have Withdraw Request
FCUserRun1_146,Already Have Withdraw Request
FCUserRun1_147,Already Have Withdraw Request
FCUserRun1_148,Already Have Withdraw Request
FCUserRun1_149,Already Have Withdraw Request
FCUserRun1_150,Already Have Withdraw Request
FCUserRun1_151,Already Have Withdraw Request
FCUserRun1_152,Already Have Withdraw Request
FCUserRun1_153,Already Have Withdraw Request
FCUserRun1_154,Already Have Withdraw Request
FCUserRun1_155,Already Have Withdraw Request
FCUserRun1_156,Already Have Withdraw Request
FCUserRun1_158,Already Have Withdraw Request
FCUserRun1_157,Already Have Withdraw Request
FCUserRun1_159,Already Have Withdraw Request
FCUserRun1_160,Already Have Withdraw Request
FCUserRun1_161,Already Have Withdraw Request
FCUserRun1_162,Already Have Withdraw Request
FCUserRun1_163,Already Have Withdraw Request
FCUserRun1_164,Already Have Withdraw Request
FCUserRun1_165,Already Have Withdraw Request
FCUserRun1_166,Already Have Withdraw Request
FCUserRun1_167,Already Have Withdraw Request
FCUserRun1_168,Already Have Withdraw Request
FCUserRun1_169,Already Have Withdraw Request
FCUserRun1_170,Already Have Withdraw Request
FCUserRun1_171,Already Have Withdraw Request
FCUserRun1_172,Already Have Withdraw Request
FCUserRun1_173,Already Have Withdraw Request
FCUserRun1_174,Already Have Withdraw Request
FCUserRun1_175,Already Have Withdraw Request
FCUserRun1_176,Already Have Withdraw Request
FCUserRun1_177,Already Have Withdraw Request
FCUserRun1_178,Already Have Withdraw Request
FCUserRun1_179,Already Have Withdraw Request
FCUserRun1_180,Already Have Withdraw Request
FCUserRun1_181,Already Have Withdraw Request
FCUserRun1_182,Already Have Withdraw Request
FCUserRun1_183,Already Have Withdraw Request
FCUserRun1_184,Already Have Withdraw Request
FCUserRun1_185,Already Have Withdraw Request
FCUserRun1_186,Already Have Withdraw Request
FCUserRun1_187,Already Have Withdraw Request
FCUserRun1_189,Already Have Withdraw Request
FCUserRun1_188,Already Have Withdraw Request
FCUserRun1_190,Already Have Withdraw Request
FCUserRun1_191,Already Have Withdraw Request
FCUserRun1_192,Already Have Withdraw Request
FCUserRun1_193,Already Have Withdraw Request
FCUserRun1_194,Already Have Withdraw Request
FCUserRun1_195,Already Have Withdraw Request
FCUserRun1_196,Already Have Withdraw Request
FCUserRun1_197,Already Have Withdraw Request
FCUserRun1_198,Already Have Withdraw Request
FCUserRun1_199,Already Have Withdraw Request
FCUserRun1_200,Already Have Withdraw Request
FCUserRun1_201,Already Have Withdraw Request
FCUserRun1_202,Already Have Withdraw Request
FCUserRun1_203,Already Have Withdraw Request
FCUserRun1_204,Already Have Withdraw Request
FCUserRun1_205,Already Have Withdraw Request
FCUserRun1_207,Already Have Withdraw Request
FCUserRun1_206,Already Have Withdraw Request
FCUserRun1_208,Already Have Withdraw Request
FCUserRun1_209,Already Have Withdraw Request
FCUserRun1_210,Already Have Withdraw Request
FCUserRun1_211,Already Have Withdraw Request
FCUserRun1_212,Already Have Withdraw Request
FCUserRun1_213,Already Have Withdraw Request
FCUserRun1_214,Already Have Withdraw Request
FCUserRun1_215,Already Have Withdraw Request
FCUserRun1_216,Already Have Withdraw Request
FCUserRun1_217,Already Have Withdraw Request
FCUserRun1_218,Already Have Withdraw Request
FCUserRun1_219,Already Have Withdraw Request
FCUserRun1_220,Already Have Withdraw Request
FCUserRun1_221,Already Have Withdraw Request
FCUserRun1_222,Already Have Withdraw Request
FCUserRun1_223,Already Have Withdraw Request
FCUserRun1_224,Already Have Withdraw Request
FCUserRun1_225,Already Have Withdraw Request
FCUserRun1_226,Already Have Withdraw Request
FCUserRun1_227,Already Have Withdraw Request
FCUserRun1_228,Already Have Withdraw Request
FCUserRun1_229,Already Have Withdraw Request
FCUserRun1_230,Already Have Withdraw Request
FCUserRun1_231,Already Have Withdraw Request
FCUserRun1_232,Already Have Withdraw Request
FCUserRun1_233,Already Have Withdraw Request
FCUserRun1_234,Already Have Withdraw Request
FCUserRun1_235,Already Have Withdraw Request
FCUserRun1_236,Already Have Withdraw Request
FCUserRun1_237,Already Have Withdraw Request
FCUserRun1_238,Already Have Withdraw Request
FCUserRun1_239,Already Have Withdraw Request
FCUserRun1_240,Already Have Withdraw Request
FCUserRun1_241,Already Have Withdraw Request
FCUserRun1_242,Already Have Withdraw Request
FCUserRun1_243,Already Have Withdraw Request
FCUserRun1_244,Already Have Withdraw Request
FCUserRun1_245,Already Have Withdraw Request
FCUserRun1_246,Already Have Withdraw Request
FCUserRun1_247,Already Have Withdraw Request
FCUserRun1_248,Already Have Withdraw Request
FCUserRun1_249,Already Have Withdraw Request
FCUserRun1_250,Already Have Withdraw Request
FCUserRun1_251,Already Have Withdraw Request
FCUserRun1_252,Already Have Withdraw Request
FCUserRun1_253,Already Have Withdraw Request
FCUserRun1_254,Already Have Withdraw Request
FCUserRun1_255,Already Have Withdraw Request
FCUserRun1_256,Already Have Withdraw Request
FCUserRun1_257,Already Have Withdraw Request
FCUserRun1_258,Already Have Withdraw Request
FCUserRun1_259,Already Have Withdraw Request
FCUserRun1_260,Already Have Withdraw Request
FCUserRun1_261,Already Have Withdraw Request
FCUserRun1_262,Already Have Withdraw Request
FCUserRun1_263,Already Have Withdraw Request
FCUserRun1_264,Already Have Withdraw Request
FCUserRun1_265,Already Have Withdraw Request
FCUserRun1_266,Already Have Withdraw Request
FCUserRun1_267,Already Have Withdraw Request
FCUserRun1_268,Already Have Withdraw Request
FCUserRun1_269,Already Have Withdraw Request
FCUserRun1_270,Already Have Withdraw Request
FCUserRun1_271,Already Have Withdraw Request
FCUserRun1_272,Already Have Withdraw Request
FCUserRun1_273,Already Have Withdraw Request
FCUserRun1_274,Already Have Withdraw Request
FCUserRun1_275,Already Have Withdraw Request
FCUserRun1_276,Already Have Withdraw Request
FCUserRun1_277,Already Have Withdraw Request
FCUserRun1_278,Already Have Withdraw Request
FCUserRun1_279,Already Have Withdraw Request
FCUserRun1_280,Already Have Withdraw Request
FCUserRun1_282,Already Have Withdraw Request
FCUserRun1_281,Already Have Withdraw Request
FCUserRun1_283,Already Have Withdraw Request
FCUserRun1_284,Already Have Withdraw Request
FCUserRun1_285,Already Have Withdraw Request
FCUserRun1_286,Already Have Withdraw Request
FCUserRun1_287,Already Have Withdraw Request
FCUserRun1_288,Already Have Withdraw Request
FCUserRun1_289,Already Have Withdraw Request
FCUserRun1_290,Already Have Withdraw Request
FCUserRun1_291,Already Have Withdraw Request
FCUserRun1_292,Already Have Withdraw Request
FCUserRun1_293,Already Have Withdraw Request
FCUserRun1_294,Already Have Withdraw Request
FCUserRun1_295,Already Have Withdraw Request
FCUserRun1_296,Already Have Withdraw Request
FCUserRun1_297,Already Have Withdraw Request
FCUserRun1_298,Already Have Withdraw Request
FCUserRun1_299,Already Have Withdraw Request
FCUserRun1_300,Already Have Withdraw Request
FCUserRun1_301,Already Have Withdraw Request
FCUserRun1_302,Already Have Withdraw Request
FCUserRun1_303,Already Have Withdraw Request
FCUserRun1_304,Already Have Withdraw Request
FCUserRun1_305,Already Have Withdraw Request
FCUserRun1_306,Already Have Withdraw Request
FCUserRun1_307,Already Have Withdraw Request
FCUserRun1_308,Already Have Withdraw Request
FCUserRun1_309,Already Have Withdraw Request
FCUserRun1_310,Already Have Withdraw Request
FCUserRun1_311,Already Have Withdraw Request
FCUserRun1_312,Already Have Withdraw Request
FCUserRun1_313,Already Have Withdraw Request
FCUserRun1_314,Already Have Withdraw Request
FCUserRun1_315,Already Have Withdraw Request
FCUserRun1_316,Already Have Withdraw Request
FCUserRun1_317,Already Have Withdraw Request
FCUserRun1_318,Already Have Withdraw Request
FCUserRun1_319,Already Have Withdraw Request
FCUserRun1_320,Already Have Withdraw Request
FCUserRun1_321,Too many Request
FCUserRun1_323,Already Have Withdraw Request
FCUserRun1_322,Already Have Withdraw Request
FCUserRun1_324,Already Have Withdraw Request
FCUserRun1_325,Already Have Withdraw Request
FCUserRun1_326,Already Have Withdraw Request
FCUserRun1_327,Already Have Withdraw Request
FCUserRun1_328,Already Have Withdraw Request
FCUserRun1_329,Already Have Withdraw Request
FCUserRun1_330,Already Have Withdraw Request
FCUserRun1_331,Already Have Withdraw Request
FCUserRun1_333,Already Have Withdraw Request
FCUserRun1_332,Already Have Withdraw Request
FCUserRun1_334,Already Have Withdraw Request
FCUserRun1_335,Already Have Withdraw Request
FCUserRun1_336,Already Have Withdraw Request
FCUserRun1_337,Already Have Withdraw Request
FCUserRun1_338,Already Have Withdraw Request
FCUserRun1_339,Already Have Withdraw Request
FCUserRun1_341,Already Have Withdraw Request
FCUserRun1_342,Already Have Withdraw Request
FCUserRun1_340,Already Have Withdraw Request
FCUserRun1_343,Already Have Withdraw Request
FCUserRun1_344,Already Have Withdraw Request
FCUserRun1_345,Already Have Withdraw Request
FCUserRun1_346,Already Have Withdraw Request
FCUserRun1_347,Already Have Withdraw Request
FCUserRun1_348,Already Have Withdraw Request
FCUserRun1_349,Already Have Withdraw Request
FCUserRun1_351,Already Have Withdraw Request
FCUserRun1_350,Already Have Withdraw Request
FCUserRun1_352,Already Have Withdraw Request
FCUserRun1_353,Already Have Withdraw Request
FCUserRun1_354,Already Have Withdraw Request
FCUserRun1_355,Already Have Withdraw Request
FCUserRun1_356,Already Have Withdraw Request
FCUserRun1_357,Already Have Withdraw Request
FCUserRun1_358,Already Have Withdraw Request
FCUserRun1_359,Already Have Withdraw Request
FCUserRun1_360,Already Have Withdraw Request
FCUserRun1_361,Already Have Withdraw Request
FCUserRun1_363,Already Have Withdraw Request
FCUserRun1_362,Already Have Withdraw Request
FCUserRun1_364,Already Have Withdraw Request
FCUserRun1_365,Already Have Withdraw Request
FCUserRun1_366,Already Have Withdraw Request
FCUserRun1_367,Already Have Withdraw Request
FCUserRun1_368,Already Have Withdraw Request
FCUserRun1_369,Already Have Withdraw Request
FCUserRun1_370,Already Have Withdraw Request
FCUserRun1_371,Already Have Withdraw Request
FCUserRun1_372,Already Have Withdraw Request
FCUserRun1_374,Already Have Withdraw Request
FCUserRun1_373,Already Have Withdraw Request
FCUserRun1_375,Already Have Withdraw Request
FCUserRun1_376,Already Have Withdraw Request
FCUserRun1_377,Already Have Withdraw Request
FCUserRun1_386,Already Have Withdraw Request
FCUserRun1_387,Already Have Withdraw Request
FCUserRun1_385,Already Have Withdraw Request
FCUserRun1_383,Already Have Withdraw Request
FCUserRun1_382,Already Have Withdraw Request
FCUserRun1_381,Already Have Withdraw Request
FCUserRun1_380,Already Have Withdraw Request
FCUserRun1_378,Already Have Withdraw Request
FCUserRun1_384,Already Have Withdraw Request
FCUserRun1_379,Already Have Withdraw Request
FCUserRun1_392,Already Have Withdraw Request
FCUserRun1_395,Already Have Withdraw Request
FCUserRun1_394,Already Have Withdraw Request
FCUserRun1_393,Already Have Withdraw Request
FCUserRun1_391,Already Have Withdraw Request
FCUserRun1_390,Already Have Withdraw Request
FCUserRun1_388,Already Have Withdraw Request
FCUserRun1_389,Already Have Withdraw Request
FCUserRun1_396,Already Have Withdraw Request
FCUserRun1_397,Already Have Withdraw Request
FCUserRun1_398,Already Have Withdraw Request
FCUserRun1_404,Already Have Withdraw Request
FCUserRun1_399,Already Have Withdraw Request
FCUserRun1_405,Already Have Withdraw Request
FCUserRun1_400,Already Have Withdraw Request
FCUserRun1_407,Already Have Withdraw Request
FCUserRun1_401,Already Have Withdraw Request
FCUserRun1_403,Already Have Withdraw Request
FCUserRun1_408,Already Have Withdraw Request
FCUserRun1_402,Already Have Withdraw Request
FCUserRun1_406,Already Have Withdraw Request
FCUserRun1_410,Already Have Withdraw Request
FCUserRun1_409,Already Have Withdraw Request
FCUserRun1_411,Already Have Withdraw Request
FCUserRun1_412,Already Have Withdraw Request
FCUserRun1_413,Already Have Withdraw Request
FCUserRun1_414,Already Have Withdraw Request
FCUserRun1_415,Already Have Withdraw Request
FCUserRun1_417,Already Have Withdraw Request
FCUserRun1_416,Already Have Withdraw Request
FCUserRun1_418,Already Have Withdraw Request
FCUserRun1_419,Already Have Withdraw Request
FCUserRun1_420,Already Have Withdraw Request
FCUserRun1_421,Already Have Withdraw Request
FCUserRun1_422,Already Have Withdraw Request
FCUserRun1_423,Already Have Withdraw Request
FCUserRun1_424,Already Have Withdraw Request
FCUserRun1_425,Already Have Withdraw Request
FCUserRun1_426,Already Have Withdraw Request
FCUserRun1_427,Already Have Withdraw Request
FCUserRun1_428,Already Have Withdraw Request
FCUserRun1_429,Already Have Withdraw Request
FCUserRun1_430,Already Have Withdraw Request
FCUserRun1_431,Already Have Withdraw Request
FCUserRun1_432,Already Have Withdraw Request
FCUserRun1_433,Already Have Withdraw Request
FCUserRun1_434,Already Have Withdraw Request
FCUserRun1_435,Already Have Withdraw Request
FCUserRun1_436,Already Have Withdraw Request
FCUserRun1_437,Already Have Withdraw Request
FCUserRun1_438,Already Have Withdraw Request
FCUserRun1_439,Already Have Withdraw Request
FCUserRun1_440,Already Have Withdraw Request
FCUserRun1_441,Already Have Withdraw Request
FCUserRun1_442,Already Have Withdraw Request
FCUserRun1_443,Already Have Withdraw Request
FCUserRun1_444,Already Have Withdraw Request
FCUserRun1_445,Already Have Withdraw Request
FCUserRun1_446,Already Have Withdraw Request
FCUserRun1_447,Already Have Withdraw Request
FCUserRun1_448,Already Have Withdraw Request
FCUserRun1_449,Already Have Withdraw Request
FCUserRun1_450,Already Have Withdraw Request
FCUserRun1_451,Already Have Withdraw Request
FCUserRun1_452,Already Have Withdraw Request
FCUserRun1_453,Already Have Withdraw Request
FCUserRun1_454,Already Have Withdraw Request
FCUserRun1_455,Already Have Withdraw Request
FCUserRun1_456,Already Have Withdraw Request
FCUserRun1_457,Already Have Withdraw Request
FCUserRun1_458,Already Have Withdraw Request
FCUserRun1_459,Already Have Withdraw Request
FCUserRun1_460,Already Have Withdraw Request
FCUserRun1_461,Already Have Withdraw Request
FCUserRun1_462,Already Have Withdraw Request
FCUserRun1_463,Already Have Withdraw Request
FCUserRun1_464,Already Have Withdraw Request
FCUserRun1_465,Already Have Withdraw Request
FCUserRun1_466,Already Have Withdraw Request
FCUserRun1_467,Already Have Withdraw Request
FCUserRun1_468,Already Have Withdraw Request
FCUserRun1_469,Already Have Withdraw Request
FCUserRun1_471,Already Have Withdraw Request
FCUserRun1_470,Already Have Withdraw Request
FCUserRun1_472,Already Have Withdraw Request
FCUserRun1_473,Already Have Withdraw Request
FCUserRun1_474,Already Have Withdraw Request
FCUserRun1_475,Already Have Withdraw Request
FCUserRun1_476,Already Have Withdraw Request
FCUserRun1_477,Already Have Withdraw Request
FCUserRun1_478,Already Have Withdraw Request
FCUserRun1_479,Already Have Withdraw Request
FCUserRun1_480,Already Have Withdraw Request
FCUserRun1_481,Already Have Withdraw Request
FCUserRun1_482,Already Have Withdraw Request
FCUserRun1_483,Already Have Withdraw Request
FCUserRun1_484,Already Have Withdraw Request
FCUserRun1_485,Already Have Withdraw Request
FCUserRun1_486,Already Have Withdraw Request
FCUserRun1_487,Already Have Withdraw Request
FCUserRun1_488,Already Have Withdraw Request
FCUserRun1_489,Already Have Withdraw Request
FCUserRun1_490,Already Have Withdraw Request
FCUserRun1_491,Already Have Withdraw Request
FCUserRun1_492,Already Have Withdraw Request
FCUserRun1_493,Already Have Withdraw Request
FCUserRun1_494,Already Have Withdraw Request
FCUserRun1_495,Already Have Withdraw Request
FCUserRun1_496,Already Have Withdraw Request
FCUserRun1_497,Already Have Withdraw Request
FCUserRun1_498,Already Have Withdraw Request
FCUserRun1_499,Already Have Withdraw Request
FCUserRun1_500,Already Have Withdraw Request
FCUserRun1_501,Already Have Withdraw Request
FCUserRun1_502,Already Have Withdraw Request
FCUserRun1_503,Already Have Withdraw Request
FCUserRun1_504,Already Have Withdraw Request
FCUserRun1_512,Already Have Withdraw Request
FCUserRun1_513,Already Have Withdraw Request
FCUserRun1_514,Already Have Withdraw Request
FCUserRun1_511,Already Have Withdraw Request
FCUserRun1_505,Already Have Withdraw Request
FCUserRun1_508,Already Have Withdraw Request
FCUserRun1_509,Already Have Withdraw Request
FCUserRun1_507,Already Have Withdraw Request
FCUserRun1_510,Already Have Withdraw Request
FCUserRun1_506,Already Have Withdraw Request
FCUserRun1_521,Already Have Withdraw Request
FCUserRun1_522,Already Have Withdraw Request
FCUserRun1_523,Already Have Withdraw Request
FCUserRun1_519,Already Have Withdraw Request
FCUserRun1_520,Already Have Withdraw Request
FCUserRun1_518,Already Have Withdraw Request
FCUserRun1_517,Already Have Withdraw Request
FCUserRun1_516,Already Have Withdraw Request
FCUserRun1_515,Already Have Withdraw Request
FCUserRun1_525,Already Have Withdraw Request
FCUserRun1_527,Already Have Withdraw Request
FCUserRun1_526,Already Have Withdraw Request
FCUserRun1_531,Already Have Withdraw Request
FCUserRun1_524,Already Have Withdraw Request
FCUserRun1_528,Already Have Withdraw Request
FCUserRun1_532,Already Have Withdraw Request
FCUserRun1_534,Already Have Withdraw Request
FCUserRun1_529,Already Have Withdraw Request
FCUserRun1_530,Already Have Withdraw Request
FCUserRun1_535,Already Have Withdraw Request
FCUserRun1_533,Already Have Withdraw Request
FCUserRun1_536,Already Have Withdraw Request
FCUserRun1_537,Already Have Withdraw Request
FCUserRun1_538,Already Have Withdraw Request
FCUserRun1_539,Already Have Withdraw Request
FCUserRun1_540,Already Have Withdraw Request
FCUserRun1_541,Already Have Withdraw Request
FCUserRun1_542,Already Have Withdraw Request
FCUserRun1_543,Already Have Withdraw Request
FCUserRun1_544,Already Have Withdraw Request
FCUserRun1_545,Already Have Withdraw Request
FCUserRun1_546,Already Have Withdraw Request
FCUserRun1_547,Already Have Withdraw Request
FCUserRun1_548,Already Have Withdraw Request
FCUserRun1_549,Already Have Withdraw Request
FCUserRun1_550,Already Have Withdraw Request
FCUserRun1_551,Already Have Withdraw Request
FCUserRun1_552,Already Have Withdraw Request
FCUserRun1_553,Already Have Withdraw Request
FCUserRun1_554,Already Have Withdraw Request
FCUserRun1_555,Already Have Withdraw Request
FCUserRun1_556,Already Have Withdraw Request
FCUserRun1_557,Already Have Withdraw Request
FCUserRun1_558,Already Have Withdraw Request
FCUserRun1_560,Already Have Withdraw Request
FCUserRun1_563,Already Have Withdraw Request
FCUserRun1_559,Already Have Withdraw Request
FCUserRun1_561,Already Have Withdraw Request
FCUserRun1_565,Already Have Withdraw Request
FCUserRun1_562,Already Have Withdraw Request
FCUserRun1_566,Already Have Withdraw Request
FCUserRun1_567,Already Have Withdraw Request
FCUserRun1_564,Already Have Withdraw Request
FCUserRun1_568,Already Have Withdraw Request
FCUserRun1_569,Already Have Withdraw Request
FCUserRun1_570,Already Have Withdraw Request
FCUserRun1_571,Already Have Withdraw Request
FCUserRun1_572,Already Have Withdraw Request
FCUserRun1_573,Already Have Withdraw Request
FCUserRun1_574,Already Have Withdraw Request
FCUserRun1_575,Already Have Withdraw Request
FCUserRun1_576,Already Have Withdraw Request
FCUserRun1_577,Already Have Withdraw Request
FCUserRun1_578,Already Have Withdraw Request
FCUserRun1_579,Already Have Withdraw Request
FCUserRun1_582,Already Have Withdraw Request
FCUserRun1_583,Already Have Withdraw Request
FCUserRun1_581,Already Have Withdraw Request
FCUserRun1_580,Already Have Withdraw Request
FCUserRun1_584,Already Have Withdraw Request
FCUserRun1_585,Already Have Withdraw Request
FCUserRun1_586,Already Have Withdraw Request
FCUserRun1_587,Already Have Withdraw Request
FCUserRun1_588,Already Have Withdraw Request
FCUserRun1_589,Already Have Withdraw Request
FCUserRun1_590,Already Have Withdraw Request
FCUserRun1_591,Already Have Withdraw Request
FCUserRun1_592,Already Have Withdraw Request
FCUserRun1_593,Already Have Withdraw Request
FCUserRun1_601,Already Have Withdraw Request
FCUserRun1_600,Already Have Withdraw Request
FCUserRun1_597,Already Have Withdraw Request
FCUserRun1_599,Already Have Withdraw Request
FCUserRun1_596,Already Have Withdraw Request
FCUserRun1_595,Already Have Withdraw Request
FCUserRun1_598,Already Have Withdraw Request
FCUserRun1_594,Already Have Withdraw Request
FCUserRun1_611,Already Have Withdraw Request
FCUserRun1_608,Already Have Withdraw Request
FCUserRun1_609,Already Have Withdraw Request
FCUserRun1_610,Already Have Withdraw Request
FCUserRun1_602,Already Have Withdraw Request
FCUserRun1_606,Already Have Withdraw Request
FCUserRun1_604,Already Have Withdraw Request
FCUserRun1_607,Too many Request
FCUserRun1_605,Already Have Withdraw Request
FCUserRun1_603,Already Have Withdraw Request
FCUserRun1_612,Already Have Withdraw Request
FCUserRun1_616,Already Have Withdraw Request
FCUserRun1_618,Already Have Withdraw Request
FCUserRun1_613,Already Have Withdraw Request
FCUserRun1_620,Already Have Withdraw Request
FCUserRun1_621,Already Have Withdraw Request
FCUserRun1_615,Already Have Withdraw Request
FCUserRun1_617,Already Have Withdraw Request
FCUserRun1_622,Already Have Withdraw Request
FCUserRun1_624,Already Have Withdraw Request
FCUserRun1_614,Already Have Withdraw Request
FCUserRun1_619,Already Have Withdraw Request
FCUserRun1_625,Already Have Withdraw Request
FCUserRun1_626,Already Have Withdraw Request
FCUserRun1_623,Already Have Withdraw Request
FCUserRun1_627,Already Have Withdraw Request
FCUserRun1_628,Already Have Withdraw Request
FCUserRun1_629,Already Have Withdraw Request
FCUserRun1_630,Already Have Withdraw Request
FCUserRun1_632,Already Have Withdraw Request
FCUserRun1_631,Already Have Withdraw Request
FCUserRun1_633,Already Have Withdraw Request
FCUserRun1_634,Already Have Withdraw Request
FCUserRun1_635,Already Have Withdraw Request
FCUserRun1_637,Already Have Withdraw Request
FCUserRun1_636,Already Have Withdraw Request
FCUserRun1_638,Already Have Withdraw Request
FCUserRun1_639,Already Have Withdraw Request
FCUserRun1_640,Already Have Withdraw Request
FCUserRun1_641,Already Have Withdraw Request
FCUserRun1_642,Already Have Withdraw Request
FCUserRun1_643,Already Have Withdraw Request
FCUserRun1_650,Already Have Withdraw Request
FCUserRun1_653,Already Have Withdraw Request
FCUserRun1_644,Already Have Withdraw Request
FCUserRun1_646,Already Have Withdraw Request
FCUserRun1_645,Already Have Withdraw Request
FCUserRun1_652,Already Have Withdraw Request
FCUserRun1_648,Already Have Withdraw Request
FCUserRun1_647,Already Have Withdraw Request
FCUserRun1_649,Already Have Withdraw Request
FCUserRun1_651,Already Have Withdraw Request
FCUserRun1_663,Already Have Withdraw Request
FCUserRun1_662,Already Have Withdraw Request
FCUserRun1_661,Already Have Withdraw Request
FCUserRun1_655,Already Have Withdraw Request
FCUserRun1_654,Already Have Withdraw Request
FCUserRun1_658,Already Have Withdraw Request
FCUserRun1_660,Already Have Withdraw Request
FCUserRun1_657,Already Have Withdraw Request
FCUserRun1_659,Already Have Withdraw Request
FCUserRun1_656,Already Have Withdraw Request
FCUserRun1_666,Already Have Withdraw Request
FCUserRun1_665,Already Have Withdraw Request
FCUserRun1_664,Already Have Withdraw Request
FCUserRun1_669,Already Have Withdraw Request
FCUserRun1_667,Already Have Withdraw Request
FCUserRun1_675,Already Have Withdraw Request
FCUserRun1_674,Already Have Withdraw Request
FCUserRun1_670,Already Have Withdraw Request
FCUserRun1_677,Already Have Withdraw Request
FCUserRun1_673,Already Have Withdraw Request
FCUserRun1_671,Already Have Withdraw Request
FCUserRun1_676,Already Have Withdraw Request
FCUserRun1_672,Already Have Withdraw Request
FCUserRun1_668,Already Have Withdraw Request
FCUserRun1_678,Already Have Withdraw Request
FCUserRun1_679,Already Have Withdraw Request
FCUserRun1_680,Already Have Withdraw Request
FCUserRun1_681,Already Have Withdraw Request
FCUserRun1_682,Already Have Withdraw Request
FCUserRun1_683,Already Have Withdraw Request
FCUserRun1_693,Already Have Withdraw Request
FCUserRun1_684,Already Have Withdraw Request
FCUserRun1_685,Already Have Withdraw Request
FCUserRun1_687,Already Have Withdraw Request
FCUserRun1_689,Already Have Withdraw Request
FCUserRun1_690,Already Have Withdraw Request
FCUserRun1_688,Already Have Withdraw Request
FCUserRun1_691,Already Have Withdraw Request
FCUserRun1_692,Already Have Withdraw Request
FCUserRun1_686,Already Have Withdraw Request
FCUserRun1_694,Already Have Withdraw Request
FCUserRun1_695,Already Have Withdraw Request
FCUserRun1_701,Already Have Withdraw Request
FCUserRun1_697,Already Have Withdraw Request
FCUserRun1_702,Already Have Withdraw Request
FCUserRun1_696,Already Have Withdraw Request
FCUserRun1_698,Already Have Withdraw Request
FCUserRun1_699,Already Have Withdraw Request
FCUserRun1_700,Already Have Withdraw Request
FCUserRun1_703,Already Have Withdraw Request
FCUserRun1_705,Already Have Withdraw Request
FCUserRun1_723,Already Have Withdraw Request
FCUserRun1_720,Already Have Withdraw Request
FCUserRun1_704,Already Have Withdraw Request
FCUserRun1_717,Already Have Withdraw Request
FCUserRun1_719,Already Have Withdraw Request
FCUserRun1_718,Already Have Withdraw Request
FCUserRun1_711,Already Have Withdraw Request
FCUserRun1_722,Already Have Withdraw Request
FCUserRun1_714,Already Have Withdraw Request
FCUserRun1_715,Already Have Withdraw Request
FCUserRun1_709,Already Have Withdraw Request
FCUserRun1_721,Already Have Withdraw Request
FCUserRun1_707,Already Have Withdraw Request
FCUserRun1_712,Already Have Withdraw Request
FCUserRun1_710,Already Have Withdraw Request
FCUserRun1_716,Already Have Withdraw Request
FCUserRun1_713,Already Have Withdraw Request
FCUserRun1_708,Already Have Withdraw Request
FCUserRun1_706,Already Have Withdraw Request
FCUserRun1_732,Already Have Withdraw Request
FCUserRun1_733,Already Have Withdraw Request
FCUserRun1_728,Already Have Withdraw Request
FCUserRun1_724,Already Have Withdraw Request
FCUserRun1_730,Already Have Withdraw Request
FCUserRun1_729,Already Have Withdraw Request
FCUserRun1_731,Already Have Withdraw Request
FCUserRun1_726,Already Have Withdraw Request
FCUserRun1_725,Already Have Withdraw Request
FCUserRun1_727,Already Have Withdraw Request
FCUserRun1_735,Already Have Withdraw Request
FCUserRun1_734,Already Have Withdraw Request
FCUserRun1_736,Already Have Withdraw Request
FCUserRun1_739,Already Have Withdraw Request
FCUserRun1_738,Already Have Withdraw Request
FCUserRun1_741,Already Have Withdraw Request
FCUserRun1_740,Already Have Withdraw Request
FCUserRun1_743,Already Have Withdraw Request
FCUserRun1_737,Already Have Withdraw Request
FCUserRun1_746,Already Have Withdraw Request
FCUserRun1_744,Already Have Withdraw Request
FCUserRun1_742,Already Have Withdraw Request
FCUserRun1_745,Already Have Withdraw Request
FCUserRun1_747,Already Have Withdraw Request
FCUserRun1_748,Already Have Withdraw Request
FCUserRun1_749,Already Have Withdraw Request
FCUserRun1_750,Already Have Withdraw Request
FCUserRun1_751,Already Have Withdraw Request
FCUserRun1_752,Already Have Withdraw Request
FCUserRun1_753,Already Have Withdraw Request
FCUserRun1_754,Already Have Withdraw Request
FCUserRun1_756,Already Have Withdraw Request
FCUserRun1_755,Already Have Withdraw Request
FCUserRun1_757,Already Have Withdraw Request
FCUserRun1_763,Already Have Withdraw Request
FCUserRun1_764,Already Have Withdraw Request
FCUserRun1_765,Already Have Withdraw Request
FCUserRun1_759,Already Have Withdraw Request
FCUserRun1_762,Already Have Withdraw Request
FCUserRun1_760,Already Have Withdraw Request
FCUserRun1_758,Already Have Withdraw Request
FCUserRun1_761,Too many Request
FCUserRun1_774,Already Have Withdraw Request
FCUserRun1_773,Already Have Withdraw Request
FCUserRun1_776,Already Have Withdraw Request
FCUserRun1_775,Already Have Withdraw Request
FCUserRun1_771,Already Have Withdraw Request
FCUserRun1_772,Already Have Withdraw Request
FCUserRun1_766,Already Have Withdraw Request
FCUserRun1_767,Too many Request
FCUserRun1_770,Already Have Withdraw Request
FCUserRun1_769,Already Have Withdraw Request
FCUserRun1_768,Already Have Withdraw Request
FCUserRun1_795,Already Have Withdraw Request
FCUserRun1_794,Already Have Withdraw Request
FCUserRun1_782,Already Have Withdraw Request
FCUserRun1_800,Already Have Withdraw Request
FCUserRun1_798,Already Have Withdraw Request
FCUserRun1_781,Already Have Withdraw Request
FCUserRun1_789,Already Have Withdraw Request
FCUserRun1_777,Already Have Withdraw Request
FCUserRun1_778,Already Have Withdraw Request
FCUserRun1_780,Already Have Withdraw Request
FCUserRun1_792,Already Have Withdraw Request
FCUserRun1_783,Already Have Withdraw Request
FCUserRun1_788,Already Have Withdraw Request
FCUserRun1_790,Already Have Withdraw Request
FCUserRun1_786,Already Have Withdraw Request
FCUserRun1_793,Already Have Withdraw Request
FCUserRun1_791,Already Have Withdraw Request
FCUserRun1_787,Already Have Withdraw Request
FCUserRun1_779,Already Have Withdraw Request
FCUserRun1_784,Already Have Withdraw Request
FCUserRun1_785,Already Have Withdraw Request
FCUserRun1_817,Already Have Withdraw Request
FCUserRun1_804,Already Have Withdraw Request
FCUserRun1_799,Already Have Withdraw Request
FCUserRun1_808,Already Have Withdraw Request
FCUserRun1_810,Already Have Withdraw Request
FCUserRun1_805,Already Have Withdraw Request
FCUserRun1_801,Already Have Withdraw Request
FCUserRun1_811,Already Have Withdraw Request
FCUserRun1_807,Already Have Withdraw Request
FCUserRun1_813,Already Have Withdraw Request
FCUserRun1_802,Already Have Withdraw Request
FCUserRun1_812,Already Have Withdraw Request
FCUserRun1_806,Already Have Withdraw Request
FCUserRun1_814,Already Have Withdraw Request
FCUserRun1_803,Already Have Withdraw Request
FCUserRun1_809,Already Have Withdraw Request
FCUserRun1_797,Already Have Withdraw Request
FCUserRun1_796,Already Have Withdraw Request
FCUserRun1_815,Already Have Withdraw Request
FCUserRun1_821,Already Have Withdraw Request
FCUserRun1_818,Already Have Withdraw Request
FCUserRun1_819,Already Have Withdraw Request
FCUserRun1_820,Already Have Withdraw Request
FCUserRun1_822,Already Have Withdraw Request
FCUserRun1_839,Already Have Withdraw Request
FCUserRun1_838,Already Have Withdraw Request
FCUserRun1_835,Already Have Withdraw Request
FCUserRun1_828,Already Have Withdraw Request
FCUserRun1_827,Already Have Withdraw Request
FCUserRun1_834,Already Have Withdraw Request
FCUserRun1_829,Already Have Withdraw Request
FCUserRun1_816,Already Have Withdraw Request
FCUserRun1_825,Already Have Withdraw Request
FCUserRun1_840,Already Have Withdraw Request
FCUserRun1_831,Already Have Withdraw Request
FCUserRun1_832,Already Have Withdraw Request
FCUserRun1_833,Already Have Withdraw Request
FCUserRun1_830,Already Have Withdraw Request
FCUserRun1_823,Already Have Withdraw Request
FCUserRun1_824,Already Have Withdraw Request
FCUserRun1_826,Already Have Withdraw Request
FCUserRun1_837,Already Have Withdraw Request
FCUserRun1_857,Already Have Withdraw Request
FCUserRun1_836,Already Have Withdraw Request
FCUserRun1_841,Already Have Withdraw Request
FCUserRun1_871,Already Have Withdraw Request
FCUserRun1_864,Already Have Withdraw Request
FCUserRun1_870,Already Have Withdraw Request
FCUserRun1_876,Already Have Withdraw Request
FCUserRun1_868,Already Have Withdraw Request
FCUserRun1_854,Already Have Withdraw Request
FCUserRun1_866,Already Have Withdraw Request
FCUserRun1_852,Already Have Withdraw Request
FCUserRun1_850,Already Have Withdraw Request
FCUserRun1_847,Already Have Withdraw Request
FCUserRun1_849,Already Have Withdraw Request
FCUserRun1_855,Already Have Withdraw Request
FCUserRun1_844,Already Have Withdraw Request
FCUserRun1_843,Already Have Withdraw Request
FCUserRun1_846,Already Have Withdraw Request
FCUserRun1_842,Already Have Withdraw Request
FCUserRun1_845,Already Have Withdraw Request
FCUserRun1_848,Already Have Withdraw Request
FCUserRun1_853,Already Have Withdraw Request
FCUserRun1_869,Already Have Withdraw Request
FCUserRun1_879,Already Have Withdraw Request
FCUserRun1_877,Already Have Withdraw Request
FCUserRun1_925,Already Have Withdraw Request
FCUserRun1_913,Already Have Withdraw Request
FCUserRun1_917,Already Have Withdraw Request
FCUserRun1_911,Already Have Withdraw Request
FCUserRun1_918,Already Have Withdraw Request
FCUserRun1_923,Already Have Withdraw Request
FCUserRun1_889,Already Have Withdraw Request
FCUserRun1_914,Already Have Withdraw Request
FCUserRun1_910,Already Have Withdraw Request
FCUserRun1_909,Already Have Withdraw Request
FCUserRun1_924,Already Have Withdraw Request
FCUserRun1_919,Already Have Withdraw Request
FCUserRun1_915,Already Have Withdraw Request
FCUserRun1_922,Already Have Withdraw Request
FCUserRun1_890,Already Have Withdraw Request
FCUserRun1_912,Already Have Withdraw Request
FCUserRun1_861,Already Have Withdraw Request
FCUserRun1_887,Already Have Withdraw Request
FCUserRun1_875,Already Have Withdraw Request
FCUserRun1_880,Already Have Withdraw Request
FCUserRun1_920,Already Have Withdraw Request
FCUserRun1_900,Already Have Withdraw Request
FCUserRun1_851,Already Have Withdraw Request
FCUserRun1_921,Already Have Withdraw Request
FCUserRun1_908,Already Have Withdraw Request
FCUserRun1_902,Already Have Withdraw Request
FCUserRun1_881,Already Have Withdraw Request
FCUserRun1_895,Already Have Withdraw Request
FCUserRun1_878,Already Have Withdraw Request
FCUserRun1_904,Already Have Withdraw Request
FCUserRun1_872,Already Have Withdraw Request
FCUserRun1_894,Already Have Withdraw Request
